parent,node,branch.length,OTU
318,1,0.055925021,8dfd4e02953f6cfb06fb8ee17d170cd4
318,2,0.050390121,9fa21661f83560039d0b6631cc91c89a
322,3,0.047809957,7cd837e96a3c81971441f191042e5c0e
322,4,0.094199846,09885c690d3826a3080a458ca7b92797
323,5,0.059009545,31afe91962c5e0e3dc163596453b8556
323,6,0.026137521,901f67110fdd83f0cb16b18a33cf9f3d
320,7,0.28007187,1c4a213edff40d1569078dec022f31ac
328,8,0.023387678,8bf9adc0c054be7d8b4c8c8326eb1b91
329,9,0.034469975,a36f79d789423388e8e58e54fdf8a7ff
330,10,0.024305089,ae8b3eda73c6ad44bb869330eacb26da
330,11,0.029826582,dd865b28ff2c7e8ac991925a5d7d8bb5
327,12,0.048430259,76a52e0d356c557fef1d3099b7a88af1
331,13,0.014408295,342ea341b29c74fcc57a3e4b251b94a5
333,14,0.024909608,3ac43eb1456bb98372077cd751a036f4
333,15,0.027858622,c93a8ee6c1a94cbde68019395c340851
332,16,0.050622321,c70f62abd223a65fd76497009f785e55
334,17,0.078393877,305786f3922ba5768ac220f767b48443
334,18,0.056879316,5a6616b5db53ad203960b86b51a2089a
324,19,0.172438162,077acda13850099b56c619bc5c6a6bf6
335,20,0.539167578,346e9f03f471cc784bca00e5efb70db4
336,21,0.268408845,55f7dbad64b0e4f92ed40f84debf5a12
337,22,0.159981716,0b878f2e511afbf2c8efef5228387994
338,23,0.058642901,a4b9df78ceb22d8ea59c277475d7d2a0
338,24,0.098341669,65b1498ce011c2fe55b1712369960799
315,25,0.185426303,3dc31d30a8de3b5806fa808a5aa0c9f4
342,26,0.012625703,077f3ddca1f0171a997070832b67e5a9
343,27,0.017057525,cd370bf2d923ccd8ae530e5261455ad8
344,28,0.009976397,62b3de7a8b4d5bb23550bbf4cd59c7cd
346,29,5.00E-09,174889689b2aa52166a5fca949cf5948
346,30,0.090476105,aea0fec14ab56dd77c34f5ab4abbdc92
345,31,0.011784388,40c8793169ea9d53b7f04ab6a1bb52ad
349,32,0.034387354,15a7394f1b2dcb5332b6acb428e72152
351,33,0.012095444,de481404713f197ed26a727654b64fa4
351,34,0.010791007,8d7d0a1f5cb1063e68fa22ae297c357a
352,35,0.00832397,24b4c9a12e6b38aa95978e908383e450
352,36,0.002512779,0745aa38714b07214cc3bf28014a095e
348,37,0.061224735,b6919796ed69f705edea0b45bc863e33
354,38,5.00E-09,c237fe3ce1e8681614ebe90ef66f9a02
354,39,0.017568618,6107367019a947d11a94c94170f51369
358,40,0.01836527,5e383ac2a60220e87283edc0cde54db5
360,41,0.040045909,866b208171e38783bcdcea5ff898c2d6
360,42,0.111934283,7f4c441d08ecfb095cd21605517e7d1b
361,43,0.022595454,4d70b86cf509d0bccf39ed0aefe63de9
361,44,0.064831612,7e49703b81a3d69d26a1dfe588b19217
357,45,0.110379919,def7082044e18c149d8bc61a40eb3c73
364,46,0.021913734,92cb377d388fd0dcc43ffa2fc7f3813d
364,47,0.02626449,46d104439a388c2f2e30c86a30eea3d0
367,48,0.035754706,0db10c4e1c448167de5bf42f111b4b54
367,49,0.11512909,aa412b56bd25c699344057753c1ea535
366,50,0.046647558,a75f45dbdfc96f311914739b5f951112
368,51,0.031450459,e952cd9ec54aaf9f000e3f4d027afb8f
369,52,0.029195299,53139598ca50a5ef6722821d6d36f980
369,53,0.053646403,b2561cfe38d5a5a6b4db8fe76f44f762
371,54,5.00E-09,4cc0a72a02ddd045f9b1fe67f480663b
372,55,0.003263979,52dde4c441d5932d5c3b572d65d06299
372,56,0.029299264,e0ae6c348e8b9e469cc50b609d6c9b8a
370,57,5.00E-09,18969f913f7d7e12bafc079275c3c28d
373,58,0.061657773,ee67506172a8a7f88c2e98319a7d5ca6
373,59,0.10830975,fb05723740f27e9c19cc53966320ca0a
378,60,0.013020345,8d2504a4e6bba2334f9026d61adaf0db
378,61,0.009188857,f2b28cfcc58ed1198c7c96640dd651f7
377,62,5.00E-09,72c0817e5a4d71b5d937a45f46e26173
376,63,0.177894237,695c9a70d02015b689ba802c1e27e706
379,64,0.950481882,b3b0e73749d691a98a187a12dd2d5ab7
379,65,0.276790453,0b7f2bb6288a4bfcf02c45633ab0b0c2
380,66,0.031658668,edbdaca43a9c038b0d1e2943e9dc2ce1
381,67,5.00E-09,8a483e36106d85415ec45937011df364
381,68,0.017355165,c664a73929aea0a9b89578f0af5871ee
383,69,0.015012303,58d93b982c6494bd3a34f5ad63b1eb07
384,70,0.033404011,e1510b286531ed58ae9f698007c5efa4
388,71,0.03446001,37e30e78d2300ad4f4cd9772ac724b26
390,72,0.070141634,848ce2e58807e4df39373ccfbe075a52
390,73,0.089878904,9ac5c3ac931cdea9dd113a67d6b64768
389,74,0.010093815,4d313e0719296fdf66731b1346b26691
387,75,0.004695888,6aa6ca4b7b39fb571f4e9481abd50c67
391,76,0.010021199,0d055051868f43580e28a6e9b5195587
391,77,5.00E-09,e528657523fb22f3f2dc53c4d1372e91
385,78,0.017929435,bd75f1a48d453056db4c97cde0e28c88
382,79,0.182456864,4d041ca291f8a55652028d963b664a8f
394,80,0.13902156,d8da6cae39f63fac0502cd4585341ede
394,81,0.095314804,e4884b96c8223f52c943fa1b9bb864f0
396,82,0.010094475,27a31a93822af926fb99279ada0e567a
396,83,0.001997664,369c4636233d3ab96efceb7ce9760fec
397,84,0.020601086,b1e676aafa16b168509f32ed2d203295
397,85,0.032295033,2b1f7d36af223b8a41c96f46ecc03232
402,86,5.00E-09,bf74c9ee4e38e0d3937b7c02054d9c93
402,87,0.004805576,cbfed9720c3ce16deb685af0d4890553
404,88,5.00E-09,c51baa59428c968db12312b577509f6b
407,89,0.009696041,e72f8dbb76362c0d27602e2303fc3cc9
407,90,5.00E-09,7843dec5447510eac2032ae666ed5595
411,91,0.004783871,d5c6e440c4f98476ed97f1027d4656db
411,92,0.00970839,4f944d7661d272b27c6acdeb2f3607a6
412,93,0.009827781,24c7494298aeea4888a10cdea8a52195
412,94,0.009826394,dfc29257ce1242733cbc84f7cbcc8ca1
415,95,0.004856951,d1b118fa843768419c957ce19a6ffac0
416,96,0.004848963,feb05459830a218fa7c4b4bb9fd5af8b
416,97,0.007299492,a638dfe0067559e0ba8d5b76a2e43e54
414,98,0.016987875,04dc969a576e56c7d54d971f91ac6971
417,99,0.002390125,83b0e8529353c08fef6549c6d7ddd442
418,100,0.007201729,fc86fc2553b373731e6746414ee751db
418,101,5.00E-09,18b03aa61ba2b4bd5dfde445fb47f1a6
408,102,0.014669659,8798270c9bf0ac0a6c2484473a51d496
419,103,0.002243634,f0bde4ef0c345d3c9c970ffda1694e78
419,104,0.024643184,7307a6eee03532f3d510f0d698ecafaa
422,105,0.00521442,badba36b2fc31c8c7ec54364cbf9c3c1
422,106,0.017169417,2b1359521594eeb1d89da83292a5260c
421,107,0.010449169,ea88b3ab144fc97510928dd0c64dfc40
420,108,0.006732752,47e21255026d05b3a156f4c7256e9cb4
400,109,0.004928399,1acf0649a7eb592491b1b9a1753ac4cf
399,110,0.116076081,3b3a03ab9f1cdcb9dffe02a4423ded57
425,111,0.090608347,0f92130d8064fd22229ef39dce2f02fb
425,112,0.18518926,6f28855b04e89d1d5342ad649a7db93e
426,113,0.066970446,aeb125d8181eebfa16011783589046ff
435,114,0.002552385,05c3ba8e209ad2451bd8829058aa91af
435,115,0.009599122,6b9426b161c19b35723138ae9509c59e
437,116,0.022685735,8969bfe32ad1e9cece9078adf7e99195
438,117,0.00737691,2e4077e05be9f5946468e873be817ab9
438,118,0.002398743,5cbc25256deb9f42622585415a8b173a
442,119,0.042983556,84dbbd5cb3a818e56b3a2cd9c5e42f1f
444,120,0.056829011,734ec295e870d386d6b90ecf9bf0d847
445,121,0.011765672,57a31711286c6a7eb7a8af3c68304692
445,122,0.002847257,461de31246e0f5439ed207009e09571b
447,123,0.004834602,bea1e3001b24dec81f82628e63306766
448,124,0.009720028,ad2857019a3059115afc8a214c0b3103
448,125,5.00E-09,8e13c6aa04b6a4939942dec765b8ee12
446,126,0.012243748,ccde2b69129184aea96be99dc2539bc4
441,127,0.028035743,9bccd5a73fb5ef912da28332f6d7324a
440,128,0.027735793,ad109b3040151ea220aa6c35a1254ad1
452,129,0.066270322,b7fc66d8ca52b1faf6942fd26ccb342f
453,130,0.042837157,3736207f58bde401db11c8baea17ad73
454,131,5.00E-09,d5a703cbb9475f723fe419eb9e55b1e5
454,132,0.007248664,ad306e5b96f8214edfe2d53499aa3512
456,133,0.016319348,4dcc388418f8510dbdea6b1eb990eff4
456,134,0.007881456,cecd823d3d8330b66cccbe53a2bf562e
457,135,0.009726234,c6e126ec6bdaa370f03ca312c5ab4f29
458,136,0.012204707,a28a8d0b50af6d2e2cc6986ee5f327f3
458,137,0.007233638,bf6ffa39528a341360cb05b2e353be2b
450,138,0.009684325,83e335a0f9e28182aa352347c772ffc3
459,139,0.012234094,c32c8f9e1f1f40dca4249039e161f6d6
460,140,0.014806766,7e18fb0245cfaf57ae18e9e3668d3dd7
461,141,0.015344365,565448b9e105df4d940ded164bd4a7b3
461,142,0.011903209,ed3ba4d4a2905b2e89dbd3464fbec5c3
463,143,0.006808275,93618cb7d401fc53fd08c6753d044f25
463,144,0.037830313,8b6ff793505e1372cb939876aea3d182
462,145,0.060025684,8196395390d90f60b99c315b39ce72d6
464,146,0.03123498,fd7f116170bf314cd8d12338a3f07b11
465,147,0.007686682,cca6a877b9f4a4d2d2ad31530b49c11e
466,148,0.004485366,937eb97cec47967201867f0d28610a89
466,149,0.012694031,ce45a8cc397b4843fed003ec8c42ea67
467,150,0.099096119,4cc91003adb93348800337116033c570
470,151,0.009016127,853fb35c3c739b7302c57af745026d5d
470,152,0.006228601,9a02945886d5fdc3ccc390f3975c17a8
469,153,0.002366309,a6c810a8b4105526e30a9f26eebb3bf4
468,154,5.00E-09,a2dae4ffb88c6287734f0a0c878ce59a
430,155,0.020616179,d029223285184ed99f482378e68abb9c
429,156,0.118715961,ba324ada5c57a14e417afe1fbb3f754f
472,157,0.01035772,0e36e98438fad21f829f25d5763635df
473,158,0.002261648,f1ea98d49baf3dd5dd4b2456017e5d48
476,159,0.009427027,adf9831e733c3b19f3c0d027fad36084
476,160,0.062177548,7432799777b9d62385e5c42f486895e1
475,161,5.00E-09,03deb9f0000cc6aec77b28c675d65d5e
474,162,0.007407575,2d7da1d7d7d64e573d5dcec03c050ea6
471,163,0.146357779,35de7beab433484bc87f5c40f22ecae1
479,164,0.013235567,40b6802308404b40b22a3f2de0a84079
479,165,0.009328357,a0aa1e89fe33ab04f344cc9d9d44dfd5
478,166,0.053788326,8fe3be258d1ed18da208a16669d2733e
480,167,0.050340948,21f07ad41294a539c1b338f84774547c
482,168,0.025695974,8c50e10791f477eff059f540ee23239c
482,169,0.071534088,f19a898d70df4c166100fd3a01a72aff
483,170,0.04423464,2fed89c1db2f176c727e6d89d48be0a8
484,171,5.00E-09,2136679e81e44fe89dcb9fed7c475659
484,172,0.014725206,d4052fe7cc8b1874041ab6793582d132
488,173,0.026744816,c6066311ffce70efa58d5699019c9475
489,174,0.001099836,353f3a6131a72ba30813bf058114236f
490,175,0.009894206,bd8e61a350ce202c5cccda0a2010e6c3
490,176,0.002401707,3af5551fba621e84a8b315240a1a1827
491,177,0.064152665,a46447bff21518b95f270d05757bbbe0
493,178,0.044462794,6549848d1872b61ddc80c4994b541e37
498,179,0.01819419,046ffc3e53379fd2ade52c601af96110
500,180,5.00E-09,aee11219e079c3317a6fe3e5e43e5cd7
500,181,0.008021756,c512efbd577bc9d4da89c5871e0346de
501,182,0.006057285,73e99a10d78b3dfcfb2cbcb54f19e796
503,183,0.023330995,1984e742e5df28680bfc8d11ffffaa5f
504,184,0.014691445,0c1aece0d8e0d228d9c440267dbd9154
504,185,0.009253763,6e7aacd60571596be09b328b020f4fa6
502,186,0.004377647,aa9d7f4d00e5b8819f3e6e3210fcfc99
497,187,0.02822863,97567b130b6d59e3713e03c8142f4554
505,188,0.017337198,39d85cf3fe34d97ce9ac25bc3efbc7fd
505,189,0.011066626,20719130ed6563a8291bbe2d2e5741d4
506,190,0.040706844,37c71e32c6831ad1af4c64803f4e6b76
508,191,0.023379017,e741665153d3db9810340e2cf94844cd
508,192,0.049730999,5620550c7c820b4b6a7579bdb1241707
507,193,0.040356452,f2ed9b881d6b978ebed61537c9344cca
510,194,0.003490361,605756c04a36ce2b30e9418c93e12986
510,195,0.021327936,3d1c896803e4c184143c53376423c469
511,196,0.02503574,b9df665b7d1143b64ed274b4266841fa
512,197,0.007160192,c52468ca36dd5477a554dacdb78a458a
513,198,0.007193491,e1e1c64fdd5419094d3994fbfcb699f7
513,199,0.010073456,a930713ace1755f6ecf49f73fc0dedd0
515,200,0.021030252,0582208cbb54f7a183a48349e0c9ec23
515,201,1.10E-08,b5a5bf071b933ab3fc8513b9ba6b327a
516,202,0.012069808,7bd4a574c6ce528b8ff671bc70c54ab5
516,203,0.006021774,c0b7397fd01192e02d97d0a87487ad02
517,204,0.004444101,e56d6e0689a4dd9bfc9e589883b5ee07
517,205,0.007738441,dfb2570f0c505f44a1fc025f3721ec89
528,206,0.001981618,1ae434de7911786ccf390031af76391c
528,207,0.001984274,c6743a04c5adea5df2422c371d427aea
530,208,0.006846434,f3020f72d8526e5643e3d75c0813d585
531,209,5.00E-09,a679e6fff3c5d71b861f190ab5063e13
532,210,0.016121655,23caac2e8c4b90eff76fb9559f01d254
532,211,0.012047936,3435f0d3c66a55749db84bea84d6885d
529,212,0.016342126,df73be44b9e633ce6bcbdc7f0f3525f6
526,213,0.010090319,c6a50327d33ce60fe2c1c78c025c25be
525,214,0.002000803,562f57047b8d354519f1b046318f8c79
524,215,0.042160704,c119361a6eb169aa88adce911858a09e
533,216,0.060665699,2178df8b26afebada98155b8cad0c967
536,217,0.008231129,20a8421dc461b541f429438b3b76ec35
537,218,0.001966302,b0f42eb0b12ffd38dd7de6dd48b5acb1
537,219,0.008003424,8d29a3696e4e64442cb2403219ed4256
538,220,5.00E-09,5b2dc57f654a4b148022d437f6dfd901
538,221,0.004000834,cd0f8a1e3d999aed263658e0420e120f
539,222,0.012057214,aa38ecd1f1612c2354e452f38f3324a1
539,223,0.011506975,a7778eead8d01a92ed670505dcf83d37
540,224,0.002950943,7dc8e02136d86efa35eb32a7448b4d30
540,225,0.009221187,f8bc7f8dc922acd41b3e0dd3a0478f9d
545,226,0.005272524,dcbc9f6bdae1acd9ef3a03c92bd12620
545,227,1.00E-08,3f343449a24fbd1d08bf1edb6ac6fe04
546,228,5.00E-09,df4f69145ff67c1cbd2afc3705d76094
546,229,0.028963168,f81e5df3f5d2db088c4739be7facfa4c
547,230,0.030255648,1487d493535bd6e209184dc97c6572a8
547,231,0.028652468,87c644dd48b876786e5b6cb14ed207c3
542,232,0.025784228,2d1b8ee57bc9ebd9ba16572e5daaba0d
541,233,0.016273105,a31451f18b4b0d7aeade7a1743513ca3
556,234,6.00E-09,787644618b763435c4533db8160a05c3
556,235,0.00399334,594482633199ed838e0c4a07658eb5d3
557,236,5.00E-09,f89d6eb5c1ef68253ff64a7366a8b8c1
557,237,0.045078096,3c90283cbbbf92b7da562b32e2a4ef08
558,238,0.008023335,f329a8cef728bb077a60d7abd6a7c4a2
558,239,1.00E-08,6b27ed487eed94b09419a245c8a4948c
559,240,0.01397661,11d3d35cd143f23d8c7edb2ebb973b54
560,241,0.010052602,4e29b2db3602697392a55e008834fa21
561,242,0.006054341,0c7677bcea97943dc0d79334c0b13965
563,243,0.003962555,2c4c17bfec2087c99088b31a7cdd291e
563,244,0.004054526,8ba68abff2a07814995005ab356ce900
562,245,5.00E-09,f8e4c854ef73d46f4ee1c5a8f476ad96
564,246,5.00E-09,50cbb84175b9e060b09cd8ef7ae88978
564,247,0.014298224,0e12b9317dbe690a1e25bd885c55faad
568,248,0.000672341,88bec8c858a798fe709b87579f98704d
568,249,0.005652112,70462c5ed67ad7ae597ca2fc5acfeadf
569,250,0.008142685,59c53d20a61b45cedf077a3e94ae04dd
569,251,0.010246143,57f3294a9250049c2cb3d01f5f5e9e0a
566,252,5.00E-09,8f09796c84d39097137ee90d2531fe55
565,253,0.010663727,f344898d2f2d3be0f3d793ef93d944b7
570,254,0.004175589,c95f1b52d83fa1ed20a73c257a42641f
571,255,0.027162663,aad65425444ff185d5e5ba399a55c9d0
571,256,0.005833372,bc1881793fb702d2e8e7e96ab2acc028
574,257,0.012184878,072fd31f7caf0223dcef672cbc94836b
574,258,0.01720568,18b0ceb8cd9d485595186583dd1f0bf6
573,259,0.044355724,1abb8aa98357516f38b09784513a8d86
575,260,0.025657957,abf6d014030c5ee3e5a885b9f80f8568
582,261,0,fae75f5a29a0897e74a429d0b728d0f9
582,262,0,7400ac28923afee7d4589e106470ed05
581,263,0.02098491,4e9b531a8237c5bab48c24954bf4f624
580,264,0.001859373,7591e9ff1fc1763289912a620f36d1a2
579,265,5.00E-09,80728aa4554c8f83873320572843e17f
578,266,0.044992934,5394698a0333e8d66ea809cf1e1a12f8
583,267,0.003973912,62ab20e8c759c55b8da58acf891f7286
585,268,5.00E-09,494826bd4bca1f1d95d379908c5b8613
585,269,0.012133208,13bd22323508f5c31d99c36a085da181
588,270,0.013364647,df83ac604ebba2dc5a910cc13506df19
590,271,5.00E-09,c88b09a7cdecadd4b2131f40beda7064
591,272,0.005513675,d16ef8bc9c6b81c567e16ddf0331a2f9
591,273,0.009855467,0bfd3896370b379facb62ba80465f1d1
589,274,0.052204228,562c22ada93870f9efc7bc20240c8e85
592,275,5.00E-09,1c69af5adb60702aff47bc71a3d84c9d
592,276,0.016390988,f20beb6cfa0982c8c3d3062e4078735f
593,277,0.016657129,750f999d35ae45a0033c5a5e7e3f6c5b
594,278,5.00E-09,aa5487870ba397934cb782500199c8bd
594,279,0.014431946,6a536ee1d9d53c821615cd35d802faff
598,280,5.00E-09,ce58cadd0fbeba78a64d1f3e2788a53e
598,281,0.003980791,1d67dbbaf0d2ee8e9f8e9b158317c0f2
599,282,0.008027002,63bfc245ede97adb685efa80da3579c1
599,283,5.00E-09,a802ef06c36465e4b7c6e4e1fe1096e4
600,284,0.008032686,a5a5622246e23c7934dd993460054c6c
600,285,0.034710943,2aff0071f2915f12053062436e66f4ee
601,286,0.038493989,f2615debcbaa521296d47db3c9d605e7
602,287,0.066408207,3dc1261057dc1ea6488fc3ecd03f36a5
603,288,0.042195417,f0f98d78d6fecf64eb3bc6c1bd0edd71
603,289,0.056951335,c7a86575485588dd25e615177ee3b5ee
606,290,0.028195585,6935992969db71c030916c7b6386420c
606,291,0.043785338,ab7ab5747ee8a8cfba04ec424c9c2fa8
605,292,0.044845293,352900135b3506abe60261f654384430
610,293,0.014090369,24820c1220ee69db193cb95a8c9e9d38
610,294,0.022756903,8f0dd1b3801a69796f70488251e92f61
611,295,0.047376019,e553091f6d483ca5f1a2be8f4a0b14bd
612,296,0.018549461,361abda0064477013f2270cbe8d3f532
613,297,0.006577619,7c161088d8af2a34678e76534f994b87
613,298,0.001498792,80f38b5726ecbff6d0e6ef43f6267f9e
608,299,0.034881987,733f53775e41d41894be0fc609daacdd
607,300,0.013067935,8b283abb65a03c38981734dca25b4f27
615,301,0.023771552,ce4f76ffa99bb31b5a6ff0c8181c8eb4
615,302,0.089547629,95165963428d30b8b5855631a332423d
619,303,0.06031028,dcbeea3305d345c2853022d6358a4320
619,304,0.046979513,1d48f934eb05131466218395d800578e
620,305,5.00E-09,4e16f4c7963add52a82c2da17c8995f7
620,306,0.00600867,0aa75c98a3cee536d29705dd503fe437
621,307,0,acad2dbcdb54f76b1650b8becda8337c
621,308,0,53f3b4a9722e3c21a56a406c2613f8c0
616,309,0.041500184,e9034a72595933ebd5c5df08eb4a08fc
622,310,0.064147862,43ecaaf2a9c4133e6f5c5b76994f1010
623,311,0.066354052,063d2699badd56a6db03137cad491bd5
623,312,0.067797285,b803931fb92bd9e88a3029219c406d46
313,313,NA,0
313,314,0.015284777,0.881
314,315,0.010067651,0.603
315,316,0.009158211,0.885
316,317,0.01393337,0.906
317,318,0.311767486,1
317,319,0.020401898,0.886
319,320,0.0139256,0.785
320,321,0.081354544,0.999
321,322,0.063773207,0.987
321,323,0.075218131,0.958
319,324,0.033033199,0.833
324,325,0.047503313,0.952
325,326,0.017564967,0
326,327,0.038175883,0.985
327,328,0.004160596,0.739
328,329,0.018681018,0.716
329,330,0.04524573,0.995
326,331,0.028334039,0.67
331,332,0.053686577,0.979
332,333,0.007484461,0.828
325,334,0.022771173,0.946
316,335,0.029477701,0.414
335,336,0.032384199,0.756
336,337,0.161612178,0.988
337,338,0.133281488,0.351
314,339,0.00816675,0.499
339,340,0.030059938,0.987
340,341,0.062973819,0.934
341,342,0.0577728,0.821
342,343,0.052986247,1
343,344,0.011364579,0.884
344,345,0.003604179,0.019
345,346,0.011944985,0.976
341,347,0.091291104,0
347,348,0.03310179,0.841
348,349,0.014839916,0.89
349,350,0.003845624,0.595
350,351,0.040007268,0.922
350,352,0.024484096,0.929
347,353,0.025066052,0.763
353,354,0.180634712,0.9
353,355,0.014146188,0.878
355,356,0.004300242,0.741
356,357,0.011371943,0.876
357,358,0.011619304,0.925
358,359,0.022271827,0.745
359,360,0.007427936,0.792
359,361,0.026028486,0.972
356,362,0.069820789,0.97
362,363,0.105446078,0.937
363,364,0.068288294,0.967
363,365,0.024873911,0.964
365,366,0.002507606,0.744
366,367,0.043134778,0.884
365,368,0.02221701,0.928
368,369,0.006699095,0.347
362,370,0.043889499,0.999
370,371,0.006473762,0.954
371,372,0.024340259,0.988
355,373,0.090373894,0.766
340,374,0.007393925,0.564
374,375,0.029307696,0.977
375,376,0.137803429,0.822
376,377,0.050433041,0.999
377,378,0.015571344,0.91
375,379,0.121515567,0.823
374,380,0.163391548,0.679
380,381,5.00E-09,0
339,382,0.032670007,0.705
382,383,0.105894476,0.981
383,384,0.014313153,0.911
384,385,0.012359335,0.378
385,386,0.008626122,0.526
386,387,0.015488495,0.892
387,388,0.01294749,0.916
388,389,0.01626748,0.95
389,390,0.012417585,0.689
386,391,0.022227795,0.983
313,392,5.00E-09,0
392,393,0.008661913,0.857
393,394,0.052753045,0.501
393,395,0.124379125,0.967
395,396,0.009156114,0.918
395,397,0.018525438,0.738
392,398,0.011607112,0.834
398,399,0.026761615,0.941
399,400,0.112312513,0.88
400,401,0.006229347,0.861
401,402,0.009204198,0.956
401,403,0.00648835,0.859
403,404,0.014761172,0.955
404,405,0.009574367,0.736
405,406,5.00E-09,0.45
406,407,0.004919813,0.9
406,408,0.009753117,0.692
408,409,0.037826583,0.927
409,410,0.001618495,0.604
410,411,5.00E-09,0
410,412,0.034014555,0.859
409,413,0.00317353,0
413,414,5.00E-09,0.755
414,415,0.007325241,0.927
415,416,0.002360041,0.737
413,417,0.00730885,0.942
417,418,0.00733356,0.793
405,419,0.007323392,0.914
403,420,0.009387478,0.906
420,421,0.000938131,0.61
421,422,0.01582724,0.25
398,423,0.016339963,0.927
423,424,0.019421926,0.408
424,425,0.042593179,0.935
424,426,0.009065965,0.815
426,427,0.019777135,0.815
427,428,0.007908544,0.897
428,429,0.012757555,0.967
429,430,6.00E-09,0
430,431,0.003000343,0.736
431,432,0.00281002,0.739
432,433,0.013575538,0.943
433,434,0.014142092,0.937
434,435,0.053801221,0.939
434,436,0.010665098,0.918
436,437,0.014900127,0.952
437,438,0.017308983,0.898
436,439,0.007015893,0.839
439,440,0.009754937,0.923
440,441,0.005268903,0.785
441,442,0.009531024,0.872
442,443,0.014529685,0.918
443,444,0.012249887,0.827
444,445,0.03107873,0.602
443,446,0.056933297,0.763
446,447,0.004890981,0.885
447,448,0.004837426,0.89
439,449,0.011385857,0.937
449,450,0.009844103,0.977
450,451,0.002564377,0.676
451,452,0.026801307,0.926
452,453,0.068440024,0.912
453,454,5.00E-09,0.858
451,455,0.005234425,0.863
455,456,0.007823897,0.875
455,457,0.007610772,0.758
457,458,5.00E-09,0.759
449,459,5.00E-09,0.863
459,460,0.002385036,0.799
460,461,0.005132406,0.281
433,462,0.004694515,0.87
462,463,0.048169311,0.951
432,464,0.038199478,0.962
464,465,0.000645639,0.558
465,466,0.007880457,0.825
431,467,0.036025207,0
467,468,0.01813194,0.854
468,469,5.00E-09,0.764
469,470,0.009046936,0.925
428,471,0.010662963,0.762
471,472,0.066477946,0.949
472,473,0.007100425,0.776
473,474,0.005096824,0.868
474,475,0.007380013,0.959
475,476,0.00774737,0.059
427,477,0.005930331,0.769
477,478,0.012243792,0.86
478,479,0.128460682,0.997
477,480,0.009957066,0.816
480,481,0.017867566,0.926
481,482,0.014696416,0.888
481,483,0.041219147,0.68
483,484,0.06354968,0.999
423,485,0.01611339,0.939
485,486,0.016317387,0.949
486,487,0.00475406,0.495
487,488,0.054894078,0.861
488,489,0.059450117,0.976
489,490,0.02203675,0.981
487,491,0.008567833,0.523
491,492,0.013344468,0.807
492,493,0.022079392,0.922
493,494,0.034825225,0.986
494,495,0.013082268,0.965
495,496,0.004631482,0.757
496,497,0.029509342,0.604
497,498,0.027161674,0.855
498,499,0.00341097,0.784
499,500,0.01428429,0.888
499,501,0.001934492,0.75
501,502,0.016760911,0.799
502,503,0.004240642,0.818
503,504,0.002931571,0.712
496,505,0.052189776,0.719
495,506,0.008748199,0.753
506,507,0.025297694,0.782
507,508,0.006551324,0.831
494,509,0.002283145,0.732
509,510,0.028623305,0.996
509,511,0.050346915,0.969
511,512,0.010254146,0.874
512,513,0.011664215,0.911
492,514,0.105824606,0.651
514,515,0.006140444,0.769
514,516,0.030656965,0.54
486,517,0.06626347,0.994
485,518,0.002162782,0.423
518,519,0.010913334,0.899
519,520,0.016554172,0.962
520,521,0.020451803,0.945
521,522,0.020054489,0.973
522,523,0.005607859,0.783
523,524,0.034645826,0.308
524,525,0.028944758,0.122
525,526,0.006077883,0.773
526,527,0.003971543,0.784
527,528,0.00197405,0.857
527,529,5.00E-09,0.264
529,530,5.00E-09,0.798
530,531,0.001985029,0.866
531,532,5.00E-09,0.905
523,533,0.00409807,0.765
533,534,0.014560483,0.872
534,535,0.002532015,0.438
535,536,0.019193801,0.887
536,537,0.004012376,0.802
535,538,0.012539377,0.96
534,539,0.00806443,0.912
522,540,0.102144114,1
521,541,0.037468388,0.942
541,542,5.00E-09,0
542,543,0.008150608,0.919
543,544,0.002126615,0.593
544,545,0.082042239,0.767
544,546,0.00405921,0.854
543,547,6.00E-09,0.481
520,548,0.003685213,0.269
548,549,0.003347598,0.783
549,550,0.019363231,0.993
550,551,0.002820122,0.794
551,552,0.007747143,0.899
552,553,0.005659464,0.875
553,554,0.008976806,0.768
554,555,5.00E-09,0.621
555,556,0.001982303,0.838
555,557,0.001976507,0.834
554,558,0.001983064,0.845
553,559,0.002101934,0.753
559,560,0.003853779,0.764
560,561,0.013312627,0.939
561,562,5.00E-09,0.371
562,563,0.010255287,0.969
552,564,0.021117192,0.953
551,565,0.001580586,0.298
565,566,0.031102379,0.584
566,567,5.00E-09,0.767
567,568,0.007821952,0.912
567,569,0.001964272,0.487
550,570,0.041835337,0.942
570,571,0.004181142,0.842
549,572,0.005256598,0.824
572,573,0.016371227,0.844
573,574,0.032610121,0.959
572,575,0.003987435,0.805
575,576,0.010659872,0.932
576,577,0.015222591,0.844
577,578,0.008465372,0.902
578,579,0.005352642,0.853
579,580,0.002111256,0.828
580,581,0.00634272,0.911
581,582,0.01642162,
577,583,0.013690267,0.619
583,584,0.013939097,0.886
584,585,0.025663523,0.987
584,586,0.008960862,0.918
586,587,0.01119564,0.755
587,588,0.01440629,0.368
588,589,0.005706456,0.725
589,590,0.004395267,0.734
590,591,0.002789671,0.754
587,592,0.014238832,0.825
586,593,0.038711476,0.992
593,594,0.014877919,0.944
576,595,0.010532333,0.936
595,596,0.010244422,0.914
596,597,0.008711537,0.928
597,598,0.004191573,0.42
597,599,0.010235188,0.116
596,600,0.012689176,0.941
595,601,0.008356687,0.858
601,602,0.006694688,0.743
602,603,0.025060246,0.971
548,604,0.059144016,0.915
604,605,0.010913185,0.823
605,606,0.018880493,0.754
604,607,0.010054398,0.841
607,608,0.008747477,0.853
608,609,0.009194431,0.911
609,610,0.010696773,0.742
609,611,0.016554832,0.945
611,612,0.014845469,0.889
612,613,0.005678346,0.726
519,614,0.007119085,0.724
614,615,0.010579563,0.842
614,616,0.019662115,0.956
616,617,0.004959857,0.764
617,618,0.009709624,0.904
618,619,0.045357283,0.832
618,620,0.024515093,0.838
617,621,0.054487355,
518,622,4.74E-06,0.591
622,623,0.004010465,0.847