label,X1528CSW2.1.1,X1528CSW2.1.2,X1528CSW2.1.3,X1528CSW2.1.4,X1528CSW2.2.1,X1528CSW2.2.2,X1528CSW2.2.3,X1528CSW2.2.4,X1528CSW2.3.3,X2710SW2.1.1
3b4057ac09c91ec114fe3ddd6787f183,0,0,0,0,0,0,0,0,0,0
8dfd4e02953f6cfb06fb8ee17d170cd4,0,0,0,0,0,0,0,0,0,0
9fa21661f83560039d0b6631cc91c89a,0,0,0,0,0,0,0,0,0,0
7cd837e96a3c81971441f191042e5c0e,0,0,0,0,0,0,0,0,0,0
09885c690d3826a3080a458ca7b92797,0,0,0,0,0,0,0,0,0,0
31afe91962c5e0e3dc163596453b8556,0,0,0,0,0,0,0,0,0,0
901f67110fdd83f0cb16b18a33cf9f3d,0,0,0,0,0,0,0,0,0,0
1c4a213edff40d1569078dec022f31ac,0,0,0,0,0,0,0,0,0,0
3b3a0c7ffa01e403e01ad56040dad42f,0,0,0,0,0,0,0,0,0,0
6029e7916f186dac3eca188fa1455716,0,0,0,0,0,0,0,0,0,0
3013fa85aa33a7f3a5c9b90b16c488a4,0,0,0,0,0,0,0,0,0,0
0376138cbd2e762b488f05b45557c0d6,0,0,0,0,0,0,0,0,0,0
bde3822e85d025cc3b09fcddc479f1ae,0,0,0,0,0,0,0,0,0,0
ea6fb8fa52cca2572a57a38a9f17f470,0,0,0,0,0,0,0,0,0,0
335531eda976aaf281a4c73b3f30dbf9,0,0,0,0,0,0,0,0,0,0
bf93772b22ba986cf535b979ea481095,0,0,0,0,0,0,0,0,0,0
e1ebc0b5b07c8482f3fb3d6d3c0496fe,0,0,0,0,0,0,0,0,0,0
8bf9adc0c054be7d8b4c8c8326eb1b91,0,0,0,0,0,0,0,0,0,0
a36f79d789423388e8e58e54fdf8a7ff,0,0,0,0,0,0,0,0,0,0
ae8b3eda73c6ad44bb869330eacb26da,0,0,0,0,0,0,0,0,0,0
dd865b28ff2c7e8ac991925a5d7d8bb5,0,0,0,0,0,0,0,0,0,0
76a52e0d356c557fef1d3099b7a88af1,0,0,0,0,0,0,0,0,0,0
342ea341b29c74fcc57a3e4b251b94a5,0,0,0,0,0,0,0,0,0,0
3ac43eb1456bb98372077cd751a036f4,0,0,0,0,0,0,0,0,0,0
c93a8ee6c1a94cbde68019395c340851,0,0.251858959,0,0,0,0,0.539374326,0,0,2.44280729
c70f62abd223a65fd76497009f785e55,0,0,0.055914513,0,0,0,0,0,0,0
2920ea8d66aba545e29f07fdaf7f23d7,0,0,0,0,0,0,0,0,0,0
305786f3922ba5768ac220f767b48443,0,0,0,0,0,0,0,0,0,0
5a6616b5db53ad203960b86b51a2089a,0,0,0,0,0,0,0,0,0,0
63d924609a57b6d7b20e34e26a22f371,0,0,0,0,0,0,0,0,0,0
b2895f140f86ced2ab0fcd10d6c84668,0,0,0,0,0,0,0,0,0,0
28f2eb0b6094fd54620ef367d62337fb,0,0,0,0,0,0,0,0,0,0
077acda13850099b56c619bc5c6a6bf6,0,0,0,0,0,0,0,0,0,0
f5b26ccc37905a1d723f6b18dabbf378,0,0,0,0,0,0,0,0,0,0
a39d6ae4d673cb567b12613bbde8b087,0,0,0,0,0,0,0,0,0,0
89f60176d5132f50c2217d112acc86c2,0,0,0,0,0,0,0,0,0,0
7bde1901a668a7f4d9aef087c6ad289d,0,0,0,0,0,0,0,0,0,0
4d86842a018554e6fd61c098a17d126c,0,0,0,0,0,0,0,0,0,0
d1914afa38a9cfc8bae9a6970761f72f,0,0,0,0,0,0,0,0,0,0
3cd5494095c586560ebd5433f28f5177,0,0,0,0,0,0,0,0,0,0
6981d3bf482bc3ab0b7a02fe15bd3ad5,0,0,0,0,0,0,0,0,0,0
c12eb57e6854bb958067a97cc5eeff67,0,0,0,0,0,0,0,0,0,0
170bf6a71bbeb5f26033af7adcbaf6a3,0,0,0,0,0,0,0,0,0,0
346e9f03f471cc784bca00e5efb70db4,0,0,0,0,0,0,0,0,0,0
59905bb8e182c097a13fb105159ad2b1,0,0,0,0,0,0,0,0,0,0
755e9902c4654fbbef2104ad5e90907b,0,0,0,0,0,0,0,0,0,0
943029d4a54a90304fc772619b9ac686,0,0,0,0,0,0,0,0,0,0
eb86202d3b4c933d607fbf67bc2a558c,0,0,0,0,0,0,0,0,0,0
13a5f355f48eff397759ed79a4101561,0,0,0,0,0,0,0,0,0,0
81fdefcc6ca96bb0da285745de2f2c59,0,0,0,0,0,0,0,0,0,0
55f7dbad64b0e4f92ed40f84debf5a12,0,0,0,0,0,0,0,0,0,0
0b878f2e511afbf2c8efef5228387994,0,0,0,0,0,0,0,0,0,0
d5176af23f9c4b2f94900551a04080bd,0,0,0,0,0,0,0,0,0,0
69bc574ac635fcc81469c40a2561f6db,0,0,0,0,0,0,0,0,0,0
a4b9df78ceb22d8ea59c277475d7d2a0,0,0,0,0,0,0,0,0,0,0
65b1498ce011c2fe55b1712369960799,0,0,0,0,0,0,0,0,0,0
3c890ee8cd8621ad26000581e3144d97,0,0,0,0,0,0,0,0,0,0
ecc5f1de63d7bd16da290693184803b2,0,0,0,0,0,0,0,0,0,0
fe740fa3b6c6207c3aba251da25ae602,0,0,0,0,0,0,0,0,0,0
3dc31d30a8de3b5806fa808a5aa0c9f4,0,0,0,0,0,0,0,0,0,0
077f3ddca1f0171a997070832b67e5a9,0,0,0,0,0,0,0,0,0,0
cd370bf2d923ccd8ae530e5261455ad8,0,0,0,0,0,0,0,0,0,0
62b3de7a8b4d5bb23550bbf4cd59c7cd,0.408639813,0,0,0,0,0,0,0,0,0
174889689b2aa52166a5fca949cf5948,0,0,0,0,0,0,0,0,0,0
aea0fec14ab56dd77c34f5ab4abbdc92,0,0,0,0,0,0,0,0,0,0
40c8793169ea9d53b7f04ab6a1bb52ad,0,0,0,0,0,0,0,0,0,0
a133147cd89a50ba43a7a0c1e9c0a271,0,0,0,0,0,0,0,0,0,0
ba5804c85821cb332839c7a107e540a4,0,0,0,0,0,0,0,0,0,0
04c079388bdb3da195ab8e11403b9719,0,0,0,0,0,0,0,0,0,0
3c65839dff30378175bb801c2c4274e8,0,0,0,0,0,0,0,0,0,0
8a372ecf808286d240e9f947886b08f9,0,0,0,0,0,0,0,0,0,0
15a7394f1b2dcb5332b6acb428e72152,0,0,0,0,0,0,0,0,0,0
3855a556f323047a1adcce9abc1973ff,0,0,0,0,0,0,0,0,0,0
de481404713f197ed26a727654b64fa4,0,0,0,0,0,0,0,0,0,0
8d7d0a1f5cb1063e68fa22ae297c357a,0,0,0,0,0,0,0,0,0,0
24b4c9a12e6b38aa95978e908383e450,0,0,0,0,0,0,0,0,0,0
0745aa38714b07214cc3bf28014a095e,0,0,0,0,0,0,0,0,0,0
12b4202004c0af68274d6a41d63e42f1,0,0,0,0,0,0,0,0,0,0
b6919796ed69f705edea0b45bc863e33,0,0,0,0,0,0,0,0,0,0
c237fe3ce1e8681614ebe90ef66f9a02,0,0,0,0,0,0,0.269687163,0,0,0
6107367019a947d11a94c94170f51369,0,0,0,0,0,0,0,0,0,0
5e383ac2a60220e87283edc0cde54db5,0,0,0,0,0,0,0,0,0,0
866b208171e38783bcdcea5ff898c2d6,0,0,0,0,0,0,0,0,0,0
50f30f27404487f52edaaaf261a5f0b1,0,0,0,0,0,0,0,0,0,0
7aca421f3da3b8fc5ee74265d2069d74,0,0,0,0,0,0,0,0,0,0
f51cfbf5afdd52bac13c1b97caefc3ff,0,0,0,0,0,0,0,0,0,0
a7160e080299dd6de309de5502cd6f7b,0,0,0,0,0,0,0,0,0,0
dbc612918a701d3a3ceec4d3c4445ba1,0,0,0,0,0,0,0,0,0,0
81bc5bb898bd64a826548123c3e074df,0,0,0,0,0,0,0,0,0,0
9acaf57ca13989e2c7a91a65c52e5847,0,0,0,0,0,0,0,0,0,0
baa4761c08107a008e18f86acfd9a44e,0,0,0,0,0,0,0,0,0,0
be44c7664f4dd52e2568b16f4c2bcc5c,0,0,0,0,0,0,0,0,0,0
98029439821da1a7e69ccaf1ba19f1b1,0,0,0,0,0,0,0,0,0,0
cfb6d0492733583bdee63b7cd96c7ae8,0,0,0,0,0,0,0,0,0,0
a38203f8b9713a1aaf5d93684faed69e,0,0,0,0,0,0,0,0,0,0
7f4c441d08ecfb095cd21605517e7d1b,0,0,0,0,0,0,0,0,0,0
4d70b86cf509d0bccf39ed0aefe63de9,0,0,0,0,0,0,0,0,0,0
7e49703b81a3d69d26a1dfe588b19217,0,0,0,0,0,0,0,0,0,0
def7082044e18c149d8bc61a40eb3c73,0,0,0,0,0,0,0,0,0,0
92cb377d388fd0dcc43ffa2fc7f3813d,0,0,0,0,0,0,0,0,0,0
46d104439a388c2f2e30c86a30eea3d0,0,0,0,0,0,0,0,0,0,0
8512d8a0129b8c878705762861ab711f,0,0,0,0,0,0,0,0,0,0
0db10c4e1c448167de5bf42f111b4b54,0,0,0,0,0,0,0,0,0,0
aa412b56bd25c699344057753c1ea535,0,0,0,0,0,0,0,0,0,0
a75f45dbdfc96f311914739b5f951112,0,0,0,0,0,0,0,0,0,0
f9531d74b667a5d0bf3e4d3097efcad3,0,0,0,0,0,0,0,0,0,0
7862d8c4690a2ecb05798a87458d6d3a,0,0,0,0,0,0,0,0,0,0
93ff8c274c4c4ae79b95b14ef172940d,0,0,0,0,0,0,0,0,0,0
e952cd9ec54aaf9f000e3f4d027afb8f,0,0,0,0,0,0,0,0,0,0
c7e49cdfa0d6cb9269dd241486b12c98,0,0,0,0,0,0,0,0,0,0
dc58a07103a59a8b5a3de631cd19aa8f,0,0,0,0,0,0,0,0,0,0
ee02dd5229df935fbcada7edbcd9bc77,0,0,0,0,0,0,0,0,0,0
53139598ca50a5ef6722821d6d36f980,0,0,0,0,0,0,0,0,0,0
caccbafbed2385717595c9407baa330a,0,0,0,0,0,0,0,0,0,0
8e997565910344d5a5794df3e78f2eba,0,0,0,0,0,0,0,0,0,0
ee3a01a95bb63e10fb118595c53666ee,0,0,0,0,0,0,0,0,0,0
031a1a2e0c0db03e8cf7c4073c5f034a,0,0,0,0,0,0,0,0,0,0
a0b0b311f9e04d0904e380e52c2a48d6,0,0,0,0,0,0,0,0,0,0
5d585cadb55fd6b54527a2a98a16e4d1,0,0,0,0,0,0,0,0,0,0
3d2c2e0d1efee3fd443797f60782afe8,0,0,0,0,0,0,0,0,0,0
284b68b33e779bd1dc2b53faa06c012f,0,0,0,0,0,0,0,0,0,0
bf6fcd95a00321c7aa0a4a87124c2b83,0,0,0,0,0,0,0,0,0,0
56498587514a1c0b905f518c50174e78,0,0,0,0,0,0,0,0,0,0
61bbb027c87b9c15bdb7f22e5e29aa9e,0,0,0,0,0,0,0,0,0,0
902d4269b621acc95a25355f4d7da4e0,0,0,0,0,0,0,0,0,0,0
352341aa6fa91fa2f0ad6795b68d4e4a,0,0,0,0,0,0,0,0,0,0
b2561cfe38d5a5a6b4db8fe76f44f762,0,0,0,0,0,0,0,0,0,0
1e464bf6324bdaa5bba1e43d96c3ca53,0,0,0,0,0,0,0,0,0,0
8c2c685eb2eefaf38e7787952c24fb65,0,0,0,0,0,0,0,0,0,0
72163dbad4b344b66dc40d845eac1ee3,0,0,0,0,0,0,0,0,0,0
2c9af20d2143b07f81481fbe534c8172,0,0,0,0,0,0,0,0,0,0
c8934617597911f82f74e440da2e6a83,0,0,0,0,0,0,0,0,0,0
dfc7a00ef0d98f00eebfa757cee35d09,0,0,0,0,0,0,0,0,0,0
b2d074647b463ecec621c0988604ced8,0,0,0,0,0,0,0,0,0,0
e43f2c5b76c78faef8808e40309deb22,0,0,0,0,0,0,0,0,0,0
4cc0a72a02ddd045f9b1fe67f480663b,0,0,0,0,0,0,0,0,0,0
52dde4c441d5932d5c3b572d65d06299,0,0,0,0,0,0,0,0,0,0
e0ae6c348e8b9e469cc50b609d6c9b8a,0,0,0,0,0,0,0,0,0,0
18969f913f7d7e12bafc079275c3c28d,0,0,0,0,0,0,0,0,0,0
ee67506172a8a7f88c2e98319a7d5ca6,0,0,0,0,0,0,0,0,0,0
fb05723740f27e9c19cc53966320ca0a,0,0,0,0,0,0,0,0,0,0
09e6d9969cce3e13fc8d03fa0aee4058,0,0,0,0,0,0,0,0,0,0
2db2aec0e6cbd8a44374868f10891a47,0,0,0,0,0,0,0,0,0,0
7c2a35d38b98c03e715c8c2588a8b715,0,0,0,0,0,0,0,0,0,0
afed8d991c2607081ca7545d7b85baca,0,0,0,0,0,0,0,0,0,0
0c8515e2b5d1df538ca3c32864bfab69,0,0,0,0,0,0,0,0,0,0
acf3b37044d2eb56190ccb94f1a9bc15,0,0,0,0,0,0,0,0,0,0
8d2504a4e6bba2334f9026d61adaf0db,0.496205487,0.203885824,0,0,0,0,0,0,0,0
1d43080b626ebc7700958d7472ec24e7,0,0,0,0,0,0,0,0,0,0
f2b28cfcc58ed1198c7c96640dd651f7,0,0,2.168240557,0.121580547,0,0,0,0,0,0
72c0817e5a4d71b5d937a45f46e26173,0,0,0,0,0,0,0,0,0,0
695c9a70d02015b689ba802c1e27e706,0,0,0,0,0,0,0,0,0,0
c5bf1d6be576847622a770d991870e59,0,0,0,0,0,0,0,0,0,0
0cb3896b8741842356cbe0562fa45839,0,0,0,0,0,0,0,0,0,0
f9abdbbd7e7458f16640eed405ad6a4e,0,0,0,0,0,0,0,0,0,0
3da04c2b3c57c380c2e2605e7596cf9a,0,0,0,0,0,0,0,0,0,0
da1edf8814c198d19592543e46d9f67a,0,0,0,0,0,0,0,0,0,0
10dfb7996eaee0363ca596f4591a4dae,0,0,0,0,0,0,0,0,0,0
0714ce50a95b7cc00af43dc3a880a3a0,0,0,0,0,0,0,0,0,0,0
09a5af8b77632a7ced505d5ae98a5fd1,0,0,0,0,0,0,0,0,0,0
433bfa959e34ec6d5d3a7ab74c9fc51c,0,0,0,0,0,0,0,0,0,0
d877dd51999b595cfa0272a5b0cd9e01,0,0,0,0,0,0,0,0,0,0
5b92a70009a3982df9e7901fa9237f03,0,0,0,0,0,0,0,0,0,0
da0338235f4592a748d7b6139d1e0d31,0,0,0,0,0,0,0,0,0,0
b3b0e73749d691a98a187a12dd2d5ab7,0,0,0,0,0,0,0,0,0,0
cdacfd19d0f6f7f31c90ef21877351ab,0,0,0,0,0,0,0,0,0,0
06b2e0c978b803f95488290db765eb2c,0,0,0,0,0,0,0,0,0,0
ff55776d65f275ece7f1c8d51ed40d08,0,0,0,0,0,0,0,0,0,0
c3bbc1ad553a5c69cb96caa37b94e1be,0,0,0,0,0,0,0,0,0,0
2318539dcef70cd0f026acda057bf16c,0,0,0,0,0,0,0,0,0,0
991e56104f89290ac3aab0b7afd7f214,0,0,0,0,0,0,0,0,0,0
0b7f2bb6288a4bfcf02c45633ab0b0c2,0,0,0,0,0,0,0,0,0,0
930aed69cf2671d6557568e767fb3957,0,0,0,0,0,0,0,0,0,0
b84141da834d2a12d71f33d9f6208fb5,0,0,0,0,0,0,0,0,0,0
edbdaca43a9c038b0d1e2943e9dc2ce1,0,0,0,0,0,0,0,0.707226403,0,0
8a483e36106d85415ec45937011df364,0,0,0.049701789,0,20.60676779,16.02497399,0,0.924834527,1.34216713,0
c664a73929aea0a9b89578f0af5871ee,0,0,0,0,0,0,0,0,0,0
9833979ae47a229d3f3f7e58f359a415,0,0,0,0,0,0,0,0,0,0
199980883a7b561228a77aed064d1ff1,0,0,0,0,0,0,0,0,0,0
bb8297a1efac557600e5284e47d323a5,0,0,0,0,0,0,0,0,0,0
ebe1d8d1fee3a7f88785fdf37ef03e02,0,0,0,0,0,0,0,0,0,0
0c7cbc952fd63c6e61e06cd62a0b6bfc,0,0,0,0,0,0,0,0,0,0
0b6997fee69a1fb6edb07106e099bffa,0,0,0,0,0,0,0,0,0,0
6290e8f204ad02b9e131cfa2094b9504,0,0,0,0,0,0,0,0,0,0
58d93b982c6494bd3a34f5ad63b1eb07,0,0,0,0,0,6.555671176,0,0,0,0
e1510b286531ed58ae9f698007c5efa4,4.057209574,0.551691053,0.018638171,0,0,0,1.833872708,1.178710672,0.085488352,0
37e30e78d2300ad4f4cd9772ac724b26,0,0,0,0,0,0,0,0,0,0
848ce2e58807e4df39373ccfbe075a52,0,0,0,0,0,0,0,0,0,0
9ac5c3ac931cdea9dd113a67d6b64768,0,0,0,0,0,0,0,0,0,0
4d313e0719296fdf66731b1346b26691,0,0,0,0,0,0,0,0,0,0
6aa6ca4b7b39fb571f4e9481abd50c67,0,0,0,0,0,0,0,0,0,0
0d055051868f43580e28a6e9b5195587,0,0,0,0,0,0,0,0,0,0
e528657523fb22f3f2dc53c4d1372e91,0,0,0,0,0,0,0,0,0,0.116324157
bd75f1a48d453056db4c97cde0e28c88,0,0,0,0,0,0,0,0,0,0
4d041ca291f8a55652028d963b664a8f,0,0,0,0,0,0,0,0,0,0
0242646e9f6492edfdab6c58ab0aa3b1,0,0,0,0,0,0,0,0,0,0
6d315d779024422b8e7b492bebefd266,0,0,0,0,0,0,0,0,0,0
4a364d7940bba5899ef798a04d5eb82f,0,0,0,0,0,0,0,0,0,0
eec72908707f829a84e4c37a751564d6,0,0,0,0,0,0,0,0,0,0
d8b70c0e34b203d7fbaaa6def627f788,0,0,0,0,0,0,0,0,0,0
6a0259a4683e0195f2ce571b02792cf8,0,0,0,0,0,0,0,0,0,0
5dadfc5610e42c0e710bcb3b210a2098,0,0,0,0,0,0,0,0,0,0
1c2c9c525983ca7c88664391586951a7,0,0,0,0,0,0,0,0,0,0
611f3d4e94f6b1f30c6e05394cbd4560,0,0,0,0,0,0,0,0,0,0
9bb9c0a3ae9d7a49cba70f8f4ed4634d,0,0,0,0,0,0,0,0,0,0
190023cae82ad1d6a3c5fa3e68f34315,0,0,0,0,0,0,0,0,0,0
537849c35b3b2b6841c44d5626aa6daf,0,0,0,0,0,0,0,0,0,0
65a4868771a860c7a94f4034ff168065,0,0,0,0,0,0,0,0,0,0
092fe1df26e14c031706c205b1114ac1,0,0,0,0,0,0,0,0,0,0
f2912eab0a4ee701406ce823376729d4,0,0,0,0,0,0,0,0,0,0
224897d60fa2727eedf282a4f3fb0100,0,0,0,0,0,0,0,0,0,0
e26773b5f6fedbbb565e9fd708e29be0,0,0,0,0,0,0,0,0,0,0
272e093b2c1b6c77646ad9d233f3d540,0,0,0,0,0,0,0,0,0,0
532abac3b24902f01a2da80010806c11,0,0,0,0,0,0,0,0,0,0
544170fe5ce36c26be52114f71c52591,0,0,0,0,0,0,0,0,0,0
8baec2e220710b5b42b15ae2436a769f,0,0,0,0,0,0,0,0,0,0
3843f2f2f43587e0c77864115a121f8e,0,0,0,0,0,0,0,0,0,0
0df9293c0f26a49d2b0e43aa96494363,0,0,0,0,0,0,0,0,0,0
0772551f4bbd857a4e7a80e2abaca3a6,0,0,0,0,0,0,0,0,0,0
aa3255390e3e1306b8ec03e5e81956ee,0,0,0,0,0,0,0,0,0,0
c3a3be2d98ed1a296db9fe803ffe79a4,0,0,0,0,0,0,0,0,0,0
0d8e2f6f1a56c7a68dbc998d6e91a91d,0,0,0,0,0,0,0,0,0,0
a60db9899b8fe57050919e1df63ad5ae,0,0,0,0,0,0,0,0,0,0
1045de36dec0562f0d23e3a8b42ad57c,0,0,0,0,0,0,0,0,0,0
651a7a14e1c5bc640b0c14b5845ac574,0,0,0,0,0,0,0,0,0,0
bb89100fcb1ca00fa645e0c17c4756c9,0,0,0,0,0,0,0,0,0,0
7393a6062ce327cfd1f85220dda185c7,0,0,0,0,0,0,0,0,0,0
798d24ff65696f07e5664534ba108272,0,0,0,0,0,0,0,0,0,0
e7a03633bcff99edc8b35a1d44a04801,0,0,0,0,0,0,0,0,0,0
d8da6cae39f63fac0502cd4585341ede,0,0,0,0,0,0,0,0,0,0
e4884b96c8223f52c943fa1b9bb864f0,0,0,0,0,0,0,0,0,0,0
9adf5412890d6aee1f92f613bd9e08cc,0,0,0,0,0,0,0,0,0,0
9ef84a4dce6309ac7a5a13ced1a6f006,0,0,0,0,0,0,0,0,0,0
20cdce5a2ad4dda734a681bb5da12c1d,0,0,0,0,0,0,0,0,0,0
5fbfd08dcf7687c95801b6dee0716d0d,0,0,0,0,0,0,0,0,0,0
f390c03c305166dad871d3a04d310503,0,0,0,0,0,0,0,0,0,0
022e2bf030154f43b57f3f78b0295658,0,0,0,0,0,0,0,0,0,0
1842f11eb3ae25afdf458f25da1af88a,0,0,0,0,0,0,0,0,0,0
27a31a93822af926fb99279ada0e567a,0,0,0,0,0,0,0,0,0,0
369c4636233d3ab96efceb7ce9760fec,0,0,0,0,0,0,0,0,0,0
b1e676aafa16b168509f32ed2d203295,0,0,0,0,0.093348891,0,0,0,0,0
2b1f7d36af223b8a41c96f46ecc03232,0,0,0,0,0,0,0,0,0,0
76c7bfab0707cf03e5529ebf4235d912,0,0,0,0,0,0,0,0,0,0
445cf681f06acece04bfd5cff7ec8cc9,0,0,0,0,0,0,0,0,0,0
5f90c5d93a295d395f54ceb9326c143c,0,0,0,0,0,0,0,0,0,0
ed714dd0f09fd1e0b1eac126d21a7c51,0,0,0,0,0,0,0,0,0,0
0ff9a3b61456f992d54196392bc5309b,0,0,0,0,0,0,0,0,0,0
8435e2c5ba57a08637a67197fdbd52bf,0,0,0,0,0,0,0,0,0,0
a4a3b261c4452a34b189f0ca42482181,0,0,0,0,0,0,0,0,0,0
810ec9cc7abd804130bd826be80d8d88,0,0,0,0,0,0,0,0,0,0
32ff611d865102205c65f6accdea0cf1,0,0,0,0,0,0,0,0,0,0
59dcb3b553d84242b56c0e5acbe75295,0,0,0,0,0,0,0,0,0,0
0aeef3434c3a40e77f654c343e309b99,0,0,0,0,0,0,0,0,0,0
bf74c9ee4e38e0d3937b7c02054d9c93,0.700525394,0,0,0,0,0,0,0,0,0
cbfed9720c3ce16deb685af0d4890553,0,0,0,0,0,0,0,0,0,0
c51baa59428c968db12312b577509f6b,0,0,0,0,0,0,0,0,0,0
e72f8dbb76362c0d27602e2303fc3cc9,0,0,0.049701789,0.070921986,0,0.728407908,0,0.099737057,0.012823253,0
7843dec5447510eac2032ae666ed5595,0,0,0,0,0,0,0,0,0,0
d5c6e440c4f98476ed97f1027d4656db,0,0,0,0,0,0,0,0,0,0
4f944d7661d272b27c6acdeb2f3607a6,0,0,0,0,0,0,0,0,0,0
24c7494298aeea4888a10cdea8a52195,0,0,0.13667992,0.233029382,0,0,0,0,0,0
dfc29257ce1242733cbc84f7cbcc8ca1,0,0,0,0,0,0,0,0,0,0
678304235a4e61a90d8e277cfb7db8b4,0,0,0,0,0,0,0,0,0,0
d1b118fa843768419c957ce19a6ffac0,0,0,0,0,0,0,0,0,0,0
feb05459830a218fa7c4b4bb9fd5af8b,0,0,0,0,0,0,0,0.353613202,0,0
a638dfe0067559e0ba8d5b76a2e43e54,0,0,0,0,0,0,0,0,0,0
04dc969a576e56c7d54d971f91ac6971,0,0,0,0,0,0,0,0,0,0
83b0e8529353c08fef6549c6d7ddd442,0,0,0,0,0,0,0,0,0,0
fc86fc2553b373731e6746414ee751db,0,0,0,0,0,0,0,0,0,0
18b03aa61ba2b4bd5dfde445fb47f1a6,0,0,0,0,0,0,0,0,0,0
93466a9c1f7cca36df4d134fe0b106ad,0,0,0,0,0,0,0,0,0,0
8798270c9bf0ac0a6c2484473a51d496,0,0,0,0,0,0,0,0,0,0
f0bde4ef0c345d3c9c970ffda1694e78,0,0,0,0,0,0,0,0,0,0
7307a6eee03532f3d510f0d698ecafaa,0,0,0,0,0,0,0,0,0,0
b8fbcd071734e79a653e1f0bec3c5a75,0,0,0,0,0,0,0,0,0,0
987c979513b35bd0f8dd78264fdd7867,0,0,0,0,0,0,0,0,0,0
badba36b2fc31c8c7ec54364cbf9c3c1,0,0,0,0,0,0,0,0,0,0
2b1359521594eeb1d89da83292a5260c,0,0,0,0,0,0,0,0,0,0
ea88b3ab144fc97510928dd0c64dfc40,0,0,0,0,0,0,0,0,0,0
47e21255026d05b3a156f4c7256e9cb4,0,0,0,0,0,0,0,0,0,0
1acf0649a7eb592491b1b9a1753ac4cf,0,0,0,0,0,0,0,0,0,0
b0e2e069abb38224523d02c746de24fb,0,0,0,0,0,0,0,0,0,0
3b3a03ab9f1cdcb9dffe02a4423ded57,0,0,0,0,0,0,0,0,0,0
79e9c64cd578f452b749e2ab50cbfa3b,0,0,0,0,0,0,0,0,0,0
bf3affa562b9a089f657608ff610fe96,0,0,0,0,0,0,0,0,0,0
9d5dac32e63d48caf7aef529718140d3,0,0,0,0,0,0,0,0,0,0
33fb93568a4a858051b8d4266157f5c3,0,0,0,0,0,0,0,0,0,0
a5834358eba2be98e31ce44c63f2b394,0,0,0,0,0,0,0,0,0,0
3eff6e1ec696ce7da4fad7074ae2093f,0,0,0,0,0,0,0,0,0,0
0f92130d8064fd22229ef39dce2f02fb,0,0.131926121,0,0,0,0,0,0,0,0.232648313
2eec9264f8705da74e1d8ee32a572e29,0,0,0,0,0,0,0,0,0,0
f0cf30adbc19e767fa6e16a9e614c5b0,0,0,0,0,0,0,0,0,0,0
c098624f2704a148f6d9ac7ea2147ec6,0,0,0,0,0,0,0,0,0,0
d4dadad9360f1ccaea142e6c5a5109a2,0,0,0,0,0,0,0,0,0,0
e97f31bf5a98ca26f185f4ce6a1101eb,0,0,0,0,0,0,0,0,0,0
483902465d780c9f9f1928d8e1d23785,0,0,0,0,0,0,0,0,0,0
59212c3a0218a9ad9f118663ad60d8cf,0,0,0,0,0,0,0,0,0,0
fc02afdacce486b46dd3b1498a09ab24,0,0,0,0,0,0,0,0,0,0
67d00d5157a27f356db6fa1d30a1faa9,0,0,0,0,0,0,0,0,0,0
21498be18f78caacc57e6d9c07b6574b,0,0,0,0,0,0,0,0,0,0
7dfab77bfcbd5da3d1391801662c0f65,0,0,0,0,0,0,0,0,0,0
fedfb434cdfd5a8fc974d99a898fbc88,0,0,0,0,0,0,0,0,0,0
ba1cd653a8b260d33c0f6d1c9b29a4e1,0,0,0,0,0,0,0,0,0,0
26bbf001bc2e3d8bc4bf13abcb9bd5e5,0,0,0,0,0,0,0,0,0,0
0320b35e1c891a14e508d5d61680d6ac,0,0,0,0,0,0,0,0,0,0
60675dcff645a17c30b512a1fda41d8a,0,0,0,0,0,0,0,0,0,0
525df7117e305d14f2a9167ff0e54b14,0,0,0,0,0,0,0,0,0,0
6f28855b04e89d1d5342ad649a7db93e,0,0,0,0,0,0,0,0,0,0.271423032
1f749a9a06e26b25b2d7a8fdadcf858b,0,0,0,0,0,0,0,0,0,0
bf810ef003d520b0f62ca3dff973acc2,0,0,0,0,0,0,0,0,0,0
a0731dcb58f1ff32753b5a4338ffc33b,0,0,0,0,0,0,0,0,0,0
e7b6342b6b791cda116cd935b2f65f9a,0,0,0,0,0,0,0,0,0,0
25e1eb608c20cf5039ade22811a7952d,0,0,0,0,0,0,0,0,0,0
eefe144e7b7e497b82a5443712ce3ad6,0,0,0,0,0,0,0,0,0,0
320dba8fd4879ecbff7e8a04c9755ae6,0,0,0,0,0,0,0,0,0,0
9b2288292b760681d1e7f446a9e3b950,0,0,0,0,0,0,0,0,0,0
5552306841f5221b4f4dd1fc02e5605f,0,0,0,0,0,0,0,0,0,0
1294da0a1f79199021995dfa0578cfae,0,0,0,0,0,0,0,0,0,0
d250b1de1d32da40103f4c5793f80454,0,0,0,0,0,0,0,0,0,0
3ab2187bcb821801afa80dc7bcb0748e,0,0,0,0,0,0,0,0,0,0
5b7ee8488db50486d36b38a053ea6d6d,0,0,0,0,0,0,0,0,0,0
1eee634756aecb98829c46342b6a8998,0,0,0,0,0,0,0,0,0,0
1fb21a1a060e8b425e91c248466630de,0,0,0,0,0,0,0,0,0,0
0d2f7d2364efdb152d10d2a41c91a4b0,0,0,0,0,0,0,0,0,0,0
6aa535f1399076fae6bac57fb9c8052e,0,0,0,0,0,0,0,0,0,0
bade1fc22d33d642c72a819dc962216e,0,0,0,0,0,0,0,0,0,0
bc5679bc69274f492f2ca3450240f86e,0,0,0,0,0,0,0,0,0,0
57f7f34355d1b90a43dff438c4626c63,0,0,0,0,0,0,0,0,0,0
c7eb338504896a4329919b1c13c313b8,0,0,0,0,0,0,0,0,0,0
5ee95bc0421be710a6cbc3f5d3bfdfbc,0,0,0,0,0,0,0,0,0,0
59febc4b154976060b4d127583a3caa0,0,0,0,0,0,0,0,0,0,0
f43caca265574a56d873273bb9b1fa5d,0,0,0,0,0,0,0,0,0,0
b22add8db68d19950860e666926347f7,0,0,0,0,0,0,0,0,0,0
7518e93eb4120b81c3be54c694059cea,0,0,0,0,0,0,0,0,0,0
aeb125d8181eebfa16011783589046ff,0,0,0,0,0,0,0,0,0,0
a1b699754aeeb2b6c1198aebcccc4c14,0,0,0,0,0,0,0,0,0,0
6365c8bea261d4354ed15df4fd1f0e59,0,0,0,0,0,0,0,0,0,0
c60ed56b1123897c7a299c43ac7fb916,0,0,0,0,0,0,0,0,0,0
05c3ba8e209ad2451bd8829058aa91af,0,0,0,0,0,0,0,0,0,0
6b9426b161c19b35723138ae9509c59e,0,0,0,0,0,0,0,0,0,0
8969bfe32ad1e9cece9078adf7e99195,0,0,0,0,0,0,0,0,0,0
2e4077e05be9f5946468e873be817ab9,0,0,0,0.283687943,0,0,0,0,0,0
5cbc25256deb9f42622585415a8b173a,0,0,0,0,0,0,0,0,0,0
f32b07fc688146b2ef852e30039ce1f0,0,0,0,0,0,0,0,0,0,0
84dbbd5cb3a818e56b3a2cd9c5e42f1f,0,0,0,0,0,0,0,0,0,0
734ec295e870d386d6b90ecf9bf0d847,0,0,0,0,0,0,0,0,0,0
57a31711286c6a7eb7a8af3c68304692,0,0,0,0,0,0,0,0,0,0
461de31246e0f5439ed207009e09571b,0,0,0,0,0,0,0,0,0,0
bea1e3001b24dec81f82628e63306766,0,0,0,0,0,0,0,0,0,0
ad2857019a3059115afc8a214c0b3103,0,0,0,0,0,0,0,0,0,0
8e13c6aa04b6a4939942dec765b8ee12,0,0,0,0,0,0,0,0,0,0
ccde2b69129184aea96be99dc2539bc4,0,0,0,0,0,0,0,0,0,0
9bccd5a73fb5ef912da28332f6d7324a,0,0,0,0,0,0,0,0,0,0
9a355ca283e395c6fe0d2f7823b6e04e,0,0,0,0,0,0,0,0,0,0
de65b89ec5d792749001b4cc32b3384b,0,0,0,0,0,0,0,0,0,0
ad109b3040151ea220aa6c35a1254ad1,0,0,0,0,0,0,0,0,0,0
b7fc66d8ca52b1faf6942fd26ccb342f,0,0,0,0,0,0,0,0,0,0
3736207f58bde401db11c8baea17ad73,0,0,0,0,0,0,0,0,0,0
d5a703cbb9475f723fe419eb9e55b1e5,0,0,0,0,0,0,0,0,0,0
ad306e5b96f8214edfe2d53499aa3512,0,0,0,0,0,0,0,0,0,0
4dcc388418f8510dbdea6b1eb990eff4,1.430239346,0,0.099403579,2.137791287,10.33838973,0,9.816612729,0.879499501,0.252190639,6.320279178
cecd823d3d8330b66cccbe53a2bf562e,0,0,0,0,0,0,0,0,0,0
c6e126ec6bdaa370f03ca312c5ab4f29,0,0,0,0,0,0,0,0,0,0
a28a8d0b50af6d2e2cc6986ee5f327f3,0,0,0,0,0,0,0,0,0,0
bf6ffa39528a341360cb05b2e353be2b,2.014010508,2.458623171,0.90084493,4.802431611,1.376896149,23.93340271,10.84142395,1.740864992,0.427441761,4.769290423
83e335a0f9e28182aa352347c772ffc3,0,0,0,0,0,0,0,0,0,0
c32c8f9e1f1f40dca4249039e161f6d6,0,0.107939554,0,0,0,0,0,0,0,0
7e18fb0245cfaf57ae18e9e3668d3dd7,0,0,0,0,0,0,0,0,0,0
565448b9e105df4d940ded164bd4a7b3,0,0,0,0,0,0,0,0,0,0
ed3ba4d4a2905b2e89dbd3464fbec5c3,0,0,0,0,0,0,0,0,0,0
953a7fff902d0b955b3b681386d1ebf7,0,0,0,0,0,0,0,0,0,0
5b42f9992df1d9172a46d97b5e8f9a19,0,0,0,0,0,0,0,0,0,0
095e3477f25fd9ae59cfa555d037ba93,0,0,0,0,0,0,0,0,0,0
fe00362a30e3bad3701b398fd29e2fa0,0,0,0,0,0,0,0,0,0,0
93618cb7d401fc53fd08c6753d044f25,0,0,0,0,0,0,0,0,0,0
8b6ff793505e1372cb939876aea3d182,0,0,0,0,0,0,0,0,0,0
8196395390d90f60b99c315b39ce72d6,0,0,0,0,0,0,0,0,0,0
fd7f116170bf314cd8d12338a3f07b11,0,0,0,0,0,0,0,0,0,0
cca6a877b9f4a4d2d2ad31530b49c11e,0,0,0,0,0,0,0,0,0,0
937eb97cec47967201867f0d28610a89,0,0,0,0,0,0,0,0,0,0
ce45a8cc397b4843fed003ec8c42ea67,0,0,0,0,0,0,0,0,0,0
4cc91003adb93348800337116033c570,0,0,0,0,0,0,0,0,0,0
853fb35c3c739b7302c57af745026d5d,0,0,0,0,0,0,0,0.072536041,0,0
9a02945886d5fdc3ccc390f3975c17a8,0,0,0,0,0,0,0,0,0,0
a6c810a8b4105526e30a9f26eebb3bf4,0,0,0,0,0,0,0,0,0,0
a2dae4ffb88c6287734f0a0c878ce59a,0,0,0.130467197,0,0,0,1.240560949,0,0,16.59557968
d029223285184ed99f482378e68abb9c,0,0,0,0,0,0,0,0,0,0
ba324ada5c57a14e417afe1fbb3f754f,0,0.035979851,0,0,0,0,0,0,0,0.077549438
cc0731dc3b3ba69144e0c371977e7288,0,0,0,0,0,0,0,0,0,0
a9e49f2f99170414c8ff553402ed7656,0,0,0,0,0,0,0,0,0,0
4ccbcd2230a048358db4cea4b31616ae,0,0,0,0,0,0,0,0,0,0
217482659da08dbb5a186a9f07243a2a,0,0,0,0,0,0,0,0,0,0
2756759c2a0cf94769689f18cffc9387,0,0,0,0,0,0,0,0,0,0
47dcf722c987df43ab3d4b07a964f574,0,0,0,0,0,0,0,0,0,0
523318b9d97b7aee9d0e2229bef4e08c,0,0,0,0,0,0,0,0,0,0
918277880348fcde1ce573c4f86d64d0,0,0,0,0,0,0,0,0,0,0
59a820e6aeae7aac396025272a4eb723,0,0,0,0,0,0,0,0,0,0
0e36e98438fad21f829f25d5763635df,0,0,0,0,0,0,0,0,0,0
f1ea98d49baf3dd5dd4b2456017e5d48,0,0,0,0,0,0,0,0,0,0
adf9831e733c3b19f3c0d027fad36084,0,0,0,0,0,0,0,0,0,0
7432799777b9d62385e5c42f486895e1,0,0.179899256,0.180168986,2.178318136,2.287047841,0.728407908,0.755124056,0.915767522,0.354776662,0
03deb9f0000cc6aec77b28c675d65d5e,0,0,0,0,0,0,0,0,0,0
2d7da1d7d7d64e573d5dcec03c050ea6,0.904845301,0,0,0,0.093348891,0,0,0.126938072,0,0.891818534
35de7beab433484bc87f5c40f22ecae1,0,0,0,0,0,0,0,0,0,0
b1c57a5c99c1a6d88303df9f2771b5f3,0,0,0,0,0,0,0,0,0,0
0502f0fd652909459544454ae516907b,0,0,0,0,0,0,0,0,0,0
244af509b8e3e3af6a971821e6b82fb0,0,0,0,0,0,0,0,0,0,0
d6b09d8d3dbdab18a27cf5a13fb61cdf,0,0,0,0,0,0,0,0,0,0
902e17b27f08254863b1201b3039bb72,0,0,0,0,0,0,0,0,0,0
081939ae929ceee125988cf647920f38,0,0,0,0,0,0,0,0,0,0
8fab33479e5adb7edd48ed481f39329e,0,0,0,0,0,0,0,0,0,0
28822097e1c512a0ad12263b7f02eecb,0,0,0,0,0,0,0,0,0,0
40b6802308404b40b22a3f2de0a84079,0,0,0,0,0,0,0,0,0,0
a0aa1e89fe33ab04f344cc9d9d44dfd5,0,0,0,0,0,0,0,0,0,0
25fe50a50c3ca57fe65dfc77226e0b8a,0,0,0,0,0,0,0,0,0,0
8fe3be258d1ed18da208a16669d2733e,0,0,1.422713718,10.44579534,7.421236873,0,0,1.813401034,2.120111135,1.550988755
38a95192334d5bf1f239b8af35f4107b,0,0,0,0,0,0,0,0,0,0
21f07ad41294a539c1b338f84774547c,0,0,0,0,0,0,0,0,0,0
8c50e10791f477eff059f540ee23239c,0,0,0,0,0,0,0,0,0,0
a2d186fd0a03a0d32ba3403397146ef7,0,0,0,0,0,0,0,0,0,0
eeda7d2cf498526b250ae259f1bb9699,0,0,0,0,0,0,0,0,0,0
78235cbd5b1cd51c7f0dbf09cacc4a4b,0,0,0,0,0,0,0,0,0,0
69b0aef18a686bc2337e758be5f487f9,0,0,0,0,0,0,0,0,0,0
e57f6ce8bc316399789ce60cd4c742e7,0,0,0,0,0,0,0,0,0,0
55f27e387c4a568ee04dd3c7c2b06624,0,0,0,0,0,0,0,0,0,0
663f46aa52ef13c1d4c8bfc5e4c6d990,0,0,0,0,0,0,0,0,0,0
fb6bdf5a33e9b638e38ca0979cf647d9,0,0,0,0,0,0,0,0,0,0
c0a8346762ac9c11f704bc38131844b5,0,0,0,0,0,0,0,0,0,0
f19a898d70df4c166100fd3a01a72aff,0,0,0,0,0,0,0,0,0,0
3051ac754f73d36db346f2e716b3bcee,0,0,0,0,0,0,0,0,0,0
921acc6b3f5a8763f79e06eabd39c5b5,0,0,0,0,0,0,0,0,0,0
5d1174c6be4f821d21826502b41d0283,0,0,0,0,0,0,0,0,0,0
6880fb58d1cc3bec5f7ce3e8ec73dfc6,0,0,0,0,0,0,0,0,0,0
6cbbe1db4d8615da3443ea20a1fda1e4,0,0,0,0,0,0,0,0,0,0
65dbf56208d7e24a2c9b505d3b22783b,0,0,0,0,0,0,0,0,0,0
331f55605258b4c85183843f40361f3b,0,0,0,0,0,0,0,0,0,0
9e9e524b8b870a872009d270d9ad7c25,0,0,0,0,0,0,0,0,0,0
2fed89c1db2f176c727e6d89d48be0a8,0,0,0,0,0,0,0,0,0,0
2136679e81e44fe89dcb9fed7c475659,0,0,0,0,0,0,0,0,0,0
d4052fe7cc8b1874041ab6793582d132,0,0,0,0,0,0,0,0,0,0
36ffa14c530b65bc2441016a8f93eaea,0,0,0,0,0,0,0,0,0,0
ee22b8644f6bfb6364c5841527325a54,0,0,0,0,0,0,0,0,0,0
7a6fa88c94bef6102c36a5eb58beb560,0,0,0,0,0,0,0,0,0,0
c2649ba3db16be6b939be67f99e1a748,0,0,0,0,0,0,0,0,0,0
fa43f46141430f01175d99ab39117793,0,0,0,0,0,0,0,0,0,0
c6066311ffce70efa58d5699019c9475,0,0,0,0,0,0,0,0,0,0
353f3a6131a72ba30813bf058114236f,0,0,0,0,0,0,0,0,0,0
bd8e61a350ce202c5cccda0a2010e6c3,0,0.539697769,0,0,0,0,0,0.462417264,0.128232528,1.938735944
3af5551fba621e84a8b315240a1a1827,0,0.731590309,0.093190855,0.688956434,0,6.035379813,0,0.126938072,0,0
a46447bff21518b95f270d05757bbbe0,0,0,0,0,0,0,0,0,0,0
6549848d1872b61ddc80c4994b541e37,0,0,0,0,0,0,0,0,0,0
046ffc3e53379fd2ade52c601af96110,0,0,0,0,0,0,0,0,0,0
aee11219e079c3317a6fe3e5e43e5cd7,1.98482195,0,0,0,0,0,0,0,0,0
c512efbd577bc9d4da89c5871e0346de,0,0,0,0,0,0,0,0,0,0
73e99a10d78b3dfcfb2cbcb54f19e796,0,0,0,0,0,0,0,0,0,0
1984e742e5df28680bfc8d11ffffaa5f,0,0,0,0.233029382,0,0,0,0,0,0
0c1aece0d8e0d228d9c440267dbd9154,4.816112084,3.058287359,1.310884692,5.592705167,4.434072345,22.16441207,25.56634304,2.565962463,1.91493909,6.746801086
6e7aacd60571596be09b328b020f4fa6,0,0,0,0,0,0,0,0,0,0
aa9d7f4d00e5b8819f3e6e3210fcfc99,0,0,0,0,0,0,0,0,0,0
97567b130b6d59e3713e03c8142f4554,0,0,0,0,0,0,0,0,0,0
39d85cf3fe34d97ce9ac25bc3efbc7fd,0,0,0,0,0,0,0,0,0,0
20719130ed6563a8291bbe2d2e5741d4,0,0,0,0,0,0,0,0,0,0
dbd6e74d2b1d2c5499e196daad086d3d,0,0,0,0,0,0,0,0,0,0
50dd55fb37f18b4276408aa68d65b577,0,0,0,0,0,0,0,0,0,0
37c71e32c6831ad1af4c64803f4e6b76,0,0,0,0,0,0,0,0,0,0
b896a5e1587a415d20df3f327351410a,0,0,0,0,0,0,0,0,0,0
e741665153d3db9810340e2cf94844cd,6.479859895,0.107939554,0.18638171,0.435663627,1.236872812,11.34235172,4.800431499,0.979236558,0.602692883,4.148894921
5620550c7c820b4b6a7579bdb1241707,0,0,0,0,0,0,0,0,0,0
f2ed9b881d6b978ebed61537c9344cca,0,0,0,0,0.186697783,0,0,0,0,0
605756c04a36ce2b30e9418c93e12986,0,0,0,0,0,0,0,0,0,0
3d1c896803e4c184143c53376423c469,0,0,0,0,0,0,0,0,0,0
b9df665b7d1143b64ed274b4266841fa,0,0,0.031063618,0.303951368,0,0,0,0,0,0
c52468ca36dd5477a554dacdb78a458a,0,0,0,0,0,0,0,0.326412186,0,0
e1e1c64fdd5419094d3994fbfcb699f7,0,0,0,0,1.656942824,5.93132154,11.54261057,16.25714027,0,0
a930713ace1755f6ecf49f73fc0dedd0,0,0,0,0,0,0,0,0,0,0
657d3501aea13e7f573bb38f0cc4ca22,0,0,0,0,0,0,0,0,0,0
fb222efd579ce9dc1a035b3ebf23f4ad,0,0,0,0,0,0,0,0,0,0
b94568962a10f45919e5d3ce1c06b1bf,0,0,0,0,0,0,0,0,0,0
60d2ee9727e7ce5e0fee0e9af7e83a64,0,0,0,0,0,0,0,0,0,0
fe4ae514a7c926162e2565b85e289d47,0,0,0,0,0,0,0,0,0,0
a6c9a9e4ac0ae9eced9ab66bcc545ddb,0,0,0,0,0,0,0,0,0,0
34598e7637d21f13e69c49620a7a7dc6,0,0,0,0,0,0,0,0,0,0
6db67a15af4b824faf31f58e7b09a64f,0,0,0,0,0,0,0,0,0,0
4dc99555adcf8151fb09ef0c145f236b,0,0,0,0,0,0,0,0,0,0
0582208cbb54f7a183a48349e0c9ec23,0,0,0,0,0,0,0,0,0,0
b5a5bf071b933ab3fc8513b9ba6b327a,0,0,0,0,0,0,0,0,0,0
11f8b6d3551d1fd127e8b0eb8dfd6159,0,0,0,0,0,0,0,0,0,0
73a4b72f76643bcf687f807711a8f9ac,0,0,0,0,0,0,0,0,0,0
8050ffdc41db032fb9d20250165b86a0,0,0,0,0,0,0,0,0,0,0
592da25b3d8a632d549b7d478ea7339d,0,0,0,0,0,0,0,0,0,0
7bd4a574c6ce528b8ff671bc70c54ab5,0,0.059966419,0,0,0,0,0,0,0,0
6876a2a70535d393e24fce73c60de996,0,0,0,0,0,0,0,0,0,0
e1a4914331c9efd02f5e4b8a7d264390,0,0,0,0,0,0,0,0,0,0
c0b7397fd01192e02d97d0a87487ad02,0,0,0,0,0,0,0,0,0,0
5e3d5e19572cb183cdd867cad6887aba,0,0,0,0,0,0,0,0,0,0
dfd15aea16178b75683fc6aa772b4845,0,0,0,0,0,0,0,0,0,0
a17526f6f3074109b83033d30a528c73,0,0,0,0,0,0,0,0,0,0
4b90b4baed63b59b6efa025c91a17e19,0,0,0,0,0,0,0,0,0,0
e56d6e0689a4dd9bfc9e589883b5ee07,0,0,0,0,0,0,0,0,0,0
dfb2570f0c505f44a1fc025f3721ec89,0,0,0,0,0,0,0,0,0,0
9fa6b900ca1c0141580e98969ced1dac,0,0,0,0,0,0,0,0,0,0
1ae434de7911786ccf390031af76391c,0,0,0,0,0,0,0,0,0,0
c6743a04c5adea5df2422c371d427aea,0,0,0,0,0,0,0,0,0,0
f3020f72d8526e5643e3d75c0813d585,0,0,0,0,0,0,0,0,0,0
a679e6fff3c5d71b861f190ab5063e13,0,0,0,0,0,0,0,0,0,0
23caac2e8c4b90eff76fb9559f01d254,0,0,0,0,0,0,0,0,0,0
3435f0d3c66a55749db84bea84d6885d,0,0,0,0,0,0,0,0,0,0
df73be44b9e633ce6bcbdc7f0f3525f6,0,0,0,0,0,0,0,0,0,0
c6a50327d33ce60fe2c1c78c025c25be,0,0,0,0,3.080513419,0,0,1.042705594,0.145330199,0
51a19f1a8a273a119e52dbc96bc1f7cb,0,0,0,0,0,0,0,0,0,0
562f57047b8d354519f1b046318f8c79,0,0,0,0,0,0,0,0,0,0
c119361a6eb169aa88adce911858a09e,0,0,0,0,0,0,0,0,0,0
2178df8b26afebada98155b8cad0c967,0,0,0,0,0,0,0,0,0,0
20a8421dc461b541f429438b3b76ec35,0,0,0,0,0,0,0,0,0,0
b0f42eb0b12ffd38dd7de6dd48b5acb1,0,0,0,0.952380952,0,0,0,0.072536041,0,0
8d29a3696e4e64442cb2403219ed4256,0,0,0,0,0,0,0,0,0,0
5b2dc57f654a4b148022d437f6dfd901,0,0,1.062375746,0.070921986,0,0,0,0,0,0.116324157
cd0f8a1e3d999aed263658e0420e120f,0,0,0,0,0,0,0,0,0,0
aa38ecd1f1612c2354e452f38f3324a1,0,0,0,0,0,0,0,0,0,0
a7778eead8d01a92ed670505dcf83d37,0,0,0,0,0,0,0,0,0,0
7dc8e02136d86efa35eb32a7448b4d30,0,0,0,0,0,0,0,0,0,0
f8bc7f8dc922acd41b3e0dd3a0478f9d,0,0,0,0,0,0,0,0,0,0
dcbc9f6bdae1acd9ef3a03c92bd12620,0,0,0,0,0,0,0,0.036268021,0.029920923,0
3f343449a24fbd1d08bf1edb6ac6fe04,0,0,0,0,0,0,0,0,0,0
df4f69145ff67c1cbd2afc3705d76094,0,0.083952986,2.839214712,39.59473151,38.90315053,0,9.223300971,53.64040258,77.32848899,8.918185343
f81e5df3f5d2db088c4739be7facfa4c,0,0,0,0,0,0,0,0,0,0
7810eb8833e61ea545421916f94608fd,0,0,0,0,0,0,0,0,0,0
1487d493535bd6e209184dc97c6572a8,0,0,0,0,0,0,0,0,0,0
87c644dd48b876786e5b6cb14ed207c3,0.175131349,0,0.217445328,0,0,6.555671176,0,0.090670052,0,0
2d1b8ee57bc9ebd9ba16572e5daaba0d,0,0,0,0,0,0,0,0,0,0
a31451f18b4b0d7aeade7a1743513ca3,0,0,0,0,0,0,0,0,0,0
787644618b763435c4533db8160a05c3,0,0,0,0,0,0,0,0,0,0
594482633199ed838e0c4a07658eb5d3,0,0,0,0,0,0,0,0,0,0
f89d6eb5c1ef68253ff64a7366a8b8c1,76.5323993,90.50131926,88.21446322,12.50253293,0.886814469,0,5.01618123,0.598422341,5.954263732,39.04614192
3c90283cbbbf92b7da562b32e2a4ef08,0,0,0,0,0,0,0,0,0,0
f329a8cef728bb077a60d7abd6a7c4a2,0,0,0,0,0,0,0,0,0,5.816207832
6b27ed487eed94b09419a245c8a4948c,0,0,0,0,0,0,0,0,0,0
78ae6dce671e345cd3a0b8481dfccd36,0,0,0,0,0,0,0,0,0,0
11d3d35cd143f23d8c7edb2ebb973b54,0,0,0,0,0,0,0,0,0,0
4e29b2db3602697392a55e008834fa21,0,0,0,0,0,0,0,0,0,0
0c7677bcea97943dc0d79334c0b13965,0,0,0,0,0,0,0,0,0,0
2c4c17bfec2087c99088b31a7cdd291e,0,0,0,0,0,0,0,0,0,0
8ba68abff2a07814995005ab356ce900,0,0,0,0,0,0,0,0,0,0
f8e4c854ef73d46f4ee1c5a8f476ad96,0,0,0,0,0,0,0,0,0,0
50cbb84175b9e060b09cd8ef7ae88978,0,0,0,0,0,0,0,0,0,0
0e12b9317dbe690a1e25bd885c55faad,0,0,0,0,0,0,0,0,0,0
88bec8c858a798fe709b87579f98704d,0,0,0,0,0,0,0.539374326,0,0,0
70462c5ed67ad7ae597ca2fc5acfeadf,0,0,0,0,0,0,0,0,0,0
59c53d20a61b45cedf077a3e94ae04dd,0,0,0,0,0,0,0,0,0,0
57f3294a9250049c2cb3d01f5f5e9e0a,0,0,0.031063618,0,0,0,0,0,0.047018594,0
8f09796c84d39097137ee90d2531fe55,0,0.059966419,0,0.060790274,0,0,0,0,0,0
f344898d2f2d3be0f3d793ef93d944b7,0,0,0,0,0,0,0,0,0,0
c95f1b52d83fa1ed20a73c257a42641f,0,0,0,0,0,0,0,0,0,0
aad65425444ff185d5e5ba399a55c9d0,0,0,0,0,0,0,0,0,0,0
bc1881793fb702d2e8e7e96ab2acc028,0,0,0,0,0,0,0,0,0,0
03ea96d20eee179d9b1f44bdc5a43e7f,0,0,0,0,0,0,0,0,0,0
072fd31f7caf0223dcef672cbc94836b,0,0,0,0,0,0,0,0,0,0
18b0ceb8cd9d485595186583dd1f0bf6,0,0,0,0,0,0,0,0,0,0
1abb8aa98357516f38b09784513a8d86,0,0,0,0,0,0,0,0,0,0
abf6d014030c5ee3e5a885b9f80f8568,0,0,0,0,0,0,0,0,0,0
fae75f5a29a0897e74a429d0b728d0f9,0,0,0,0,0,0,0,0,0,0
7400ac28923afee7d4589e106470ed05,0,0,0,0,0,0,0,0,0,0
4e9b531a8237c5bab48c24954bf4f624,0,0,0,0,0,0,0,0,0,0
7591e9ff1fc1763289912a620f36d1a2,0,0,0,0,0,0,0,0,0,0
80728aa4554c8f83873320572843e17f,0,0,0,0,0,0,0,0,0,0
5394698a0333e8d66ea809cf1e1a12f8,0,0,0,0,0,0,0,0,0,0
cd9f2bb3f6991075276f8ce5e6603ccf,0,0,0,0,0,0,0,0,0,0
62ab20e8c759c55b8da58acf891f7286,0,0,0.248508946,0,0.770128355,0,7.551240561,0.616556351,0,0
a38a65291b4cfec7a79708cc07a3e2bb,0,0,0,0,0,0,0,0,0,0
494826bd4bca1f1d95d379908c5b8613,0,0,0,0,0,0,0,0,0,0
13bd22323508f5c31d99c36a085da181,0,0,0,0,0,0,0,0,0,0
63f8f52004a1e917971a49b89ce771c1,0,0,0,0,0,0,0,0,0,0
aeafed7bd454295062b458a80c18ae01,0,0,0,0,0,0,0,0,0,0
df83ac604ebba2dc5a910cc13506df19,0,0,0,0,0,0,0,0,1.038683479,0
c88b09a7cdecadd4b2131f40beda7064,0,0,0,0,0,0,0,0,0,0
d16ef8bc9c6b81c567e16ddf0331a2f9,0,0,0,0,0,0,0,0,0,0
0bfd3896370b379facb62ba80465f1d1,0,0,0,0,0,0,0,0,0,0
562c22ada93870f9efc7bc20240c8e85,0,0,0,0,0,0,0,0,0,0
1c69af5adb60702aff47bc71a3d84c9d,0,0,0.161530815,0,0,0,0,0,2.321008763,0
f20beb6cfa0982c8c3d3062e4078735f,0,0,0,0,0,0,0,0,0,0
750f999d35ae45a0033c5a5e7e3f6c5b,0,0,0.086978131,8.500506586,6.301050175,0,5.285868393,8.124036631,5.001068604,0
aa5487870ba397934cb782500199c8bd,0,0,0,0,0,0,0,0,0,0
6a536ee1d9d53c821615cd35d802faff,0,0.935476133,0.192594433,10.63829787,0,0,0,5.884486354,0.893353281,0
ce58cadd0fbeba78a64d1f3e2788a53e,0,0,0,0,0,0,0,0,0,0
1d67dbbaf0d2ee8e9f8e9b158317c0f2,0,0,0,0,0,0,0,0,0,0
63bfc245ede97adb685efa80da3579c1,0,0,0,0,0,0,0,0,0,0
a802ef06c36465e4b7c6e4e1fe1096e4,0,0,0,0,0,0,0,0,0,0
a5a5622246e23c7934dd993460054c6c,0,0,0,0,0,0,0,0,0,0
2aff0071f2915f12053062436e66f4ee,0,0,0.111829026,0,0,0,0,0,0,0
f2615debcbaa521296d47db3c9d605e7,0,0,0,0,0,0,0,0,0,0
3dc1261057dc1ea6488fc3ecd03f36a5,0,0,0,0,0,0,0,0,0,0
526576535ac39579ecf192da6ec6f709,0,0,0,0,0,0,0,0,0,0
f0f98d78d6fecf64eb3bc6c1bd0edd71,0,0,0,0.151975684,0,0,0,0,0,0
975db392e6ed853c867f7f0eebc0a19a,0,0,0,0,0,0,0,0,0,0
c7a86575485588dd25e615177ee3b5ee,0,0,0,0,0,0,5.177993528,0.126938072,0,0
0ce2ad69bdaa6f2869a95f469a46b300,0,0,0,0,0,0,0,0,0,0
6935992969db71c030916c7b6386420c,0,0,0,0,0,0,0,0,0,0
b69128c562a6ccfada55574e01487803,0,0,0,0,0,0,0,0,0,0
ab7ab5747ee8a8cfba04ec424c9c2fa8,0,0,0,0,0,0,0,0,0,0
e8526509858beb320a1e1a4deec6d304,0,0,0,0,0,0,0,0,0,0
d683502cef8f93bccc67c08fb175f948,0,0,0,0,0,0,0,0,0,0
352900135b3506abe60261f654384430,0,0,0,0,0,0,0,0,0,0
98d4783c9663f6e5e53b0a30bacc219e,0,0,0,0,0,0,0,0,0,0
633276e0574a76c728cc98b0953354f5,0,0,0,0,0,0,0,0,0,0
24820c1220ee69db193cb95a8c9e9d38,0,0,0,0,0,0,0,0,0,0
8f0dd1b3801a69796f70488251e92f61,0,0,0,0,0,0,0,0,0,0
fcaa1269ae5910dd5bd236e6db87e6c5,0,0,0,0,0,0,0,0,0,0
e553091f6d483ca5f1a2be8f4a0b14bd,0,0,0,0,0,0,0,0,0,0
361abda0064477013f2270cbe8d3f532,0,0,0,0,0,0,0,0,0,0
7c161088d8af2a34678e76534f994b87,0,0,0,0,0,0,0,0,0,0
80f38b5726ecbff6d0e6ef43f6267f9e,0,0,0,0,0,0,0,0.126938072,0,0
733f53775e41d41894be0fc609daacdd,0,0,0,0,0,0,0,0,0,0
8b283abb65a03c38981734dca25b4f27,0,0,0,0,0,0,0,0,0,0
ce4f76ffa99bb31b5a6ff0c8181c8eb4,0,0,0,0,0.233372229,0,0,0,0,0
e1fbb4488c13de517acfa8df0b231505,0,0,0,0,0,0,0,0,0,0
95165963428d30b8b5855631a332423d,0,0,0,0,0,0,0,0,0,0
5e499ca9bc25444aec4cb75635be2e64,0,0,0,0,0,0,0,0,0,0
d0800d55246f138ea20e776d07e9612a,0,0,0,0,0,0,0,0,0,0
dcbeea3305d345c2853022d6358a4320,0,0,0,0,0,0,0,0,0,0
1d48f934eb05131466218395d800578e,0,0,0,0,0,0,0,0,0,0
4e16f4c7963add52a82c2da17c8995f7,0,0,0,0,0,0,0,0,0,0
0aa75c98a3cee536d29705dd503fe437,0,0,0,0,0,0,0,0,0,0
acad2dbcdb54f76b1650b8becda8337c,0,0,0,0,0.093348891,0,0,0,0,0
53f3b4a9722e3c21a56a406c2613f8c0,0,0,0,0,0,0,0,0.108804062,0,0
e9034a72595933ebd5c5df08eb4a08fc,0,0,0,0,0,0,0,0,0,0
92908fab7cceda779587f73cbbb2f4b2,0,0,0,0,0,0,0,0,0,0
febed0f57b5255e94c7dc3c1e973371e,0,0,0,0,0,0,0,0,0,0
69a78a54a5a98675068027c402f089e2,0,0,0,0,0,0,0,0,0,0
b826f33f2333980f901a2ec30dbd2b8e,0,0,0,0,0,0,0,0,0,0
b9917bcddd00f935e3ad70e01592f8b1,0,0,0,0,0,0,0,0,0,0
2213254d5e8df2666f447e2314cd152f,0,0,0,0,0,0,0,0,0,0
67d617381b19f15b2db69afb37054f66,0,0,0,0,0,0,0,0,0,0
ee64aeffeabda05ecf4433382af547a8,0,0,0,0,0,0,0,0,0,0
b84afba3f3b10906a53e1f6ffa67eadb,0,0,0,0,0,0,0,0,0,0
43ecaaf2a9c4133e6f5c5b76994f1010,0,0,0,0,0,0,0,0,0,0
e8fe0238eb713ab7e659f34864022335,0,0,0,0,0,0,0,0,0,0
c588162ab4e553427be22042ff2aeaf6,0,0,0,0,0,0,0,0,0,0
9eaf1921bf9c15b6fd307392b085bc5c,0,0,0,0,0,0,0,0,0,0
a1f561fc1bf4fe21c9ffe53843b36303,0,0,0,0,0,0,0,0,0,0
f7758215a22fa43cf58f9786327ec32a,0,0,0,0,0,0,0,0,0,0
24cfc51373fe3a36d6327532ae2d85d6,0,0,0,0,0,0,0,0,0,0
d004d5152abf350b418bf474f457b11c,0,0,0,0,0,0,0,0,0,0
063d2699badd56a6db03137cad491bd5,0,0,0,0,0,0,0,0,0,0
935fe6c62c73c9e25247d54dd3c34ca4,0,0,0,0,0,0,0,0,0,0
32aa88eaebaf674d700dce51e63b1ce4,0,0,0,0,0,0,0,0,0,0
b803931fb92bd9e88a3029219c406d46,0,0,0,0,0,0,0,0,0,0
7b96179cfef00b7c3db92d21342b134a,0,0,0,0,0,0,0,0,0,0
3c0d9022851545834761310bf7595284,0,0,0,0,0,0,0,0,0,0